s_0001[ce],13BDglcn[ce]
s_0002[c],13BDglcn[c]
s_0003[e],13BDglcn[e]
s_0004[ce],16BDglcn[ce]
s_0006[m],2ahhmd[m]
s_0007[c],aconm[c]
s_0008[m],23dhmp[m]
s_0009[c],3c2hmp[c]
s_0010[c],3c4mop[c]
s_0011[m],3c4mop[m]
s_0012[m],micit[m]
s_0013[c],5s6sdihet[c]
s_0014[n],5s6sdihet[n]
s_0015[c],argsuc[c]
s_0016[m],23dhmb[m]
s_0017[c],4ppan[c]
s_0018[c],5dpmev[c]
s_0019[c],5pmev[c]
s_0020[c],actn__R[c]
s_0021[c],crn[c]
s_0022[e],crn[e]
s_0023[m],crn[m]
s_0024[x],crn[x]
s_0025[c],lac__D[c]
s_0026[e],lac__D[e]
s_0027[m],lac__D[m]
s_0028[c],mev__R[c]
s_0029[e],mev__R[e]
s_0030[c],pant__R[c]
s_0031[c],pnto__R[c]
s_0032[e],pnto__R[e]
s_0033[c],lgt__S[c]
s_0034[m],lgt__S[m]
s_0035[c],btd_RR[c]
s_0036[e],btd_RR[e]
s_0037[c],Ssq23epx[c]
s_0038[r],Ssq23epx[r]
s_0039[m],2ahbut[m]
s_0042[x],3hdcoa[x]
s_0045[x],s3hydhexcoa[x]
s_0048[x],3hddcoa[x]
s_0051[x],3hhdcoa[x]
s_0054[x],3htdcoa[x]
s_0056[c],3mop[c]
s_0058[e],3mop[e]
s_0060[m],3mop[m]
s_0061[c],dhor__S[c]
s_0062[c],lald__L[c]
s_0063[c],lac__L[c]
s_0064[e],lac__L[e]
s_0065[m],lac__L[m]
s_0066[c],mal__L[c]
s_0067[e],mal__L[e]
s_0068[m],mal__L[m]
s_0069[x],mal__L[x]
s_0075[c],13dpg[c]
s_0076[c],2cpr5p[c]
s_0077[c],prfp[c]
s_0078[c],prbamp[c]
s_0079[c],g3pi[c]
s_0080[e],g3pi[e]
s_0084[e],pchol_cho[e]
s_0086[c],3ig3p[c]
s_0087[c],1mncam[c]
s_0089[c],pail_cho[c]
s_0116[c],1p3h5c[c]
s_0117[m],1p3h5c[m]
s_0118[c],1pyr5c[c]
s_0119[m],1pyr5c[m]
s_0120[c],10fthf[c]
s_0121[m],10fthf[m]
s_0122[c],44mzym[c]
s_0123[n],mi1345p[n]
s_0124[n],mi3456p[n]
s_0125[n],mi145p[n]
s_0126[c],mi1p__D[c]
s_0127[r],mi1p__D[r]
s_0129[m],mi3p__D[m]
s_0131[c],23camp[c]
s_0132[c],dad_2[c]
s_0133[e],dad_2[e]
s_0134[c],dgsn[c]
s_0135[e],dgsn[e]
s_0136[c],din[c]
s_0137[e],din[e]
s_0138[c],duri[c]
s_0139[e],duri[e]
s_0140[c],23dpg[c]
s_0141[c],25drapp[c]
s_0142[c],25dthpp[c]
s_0143[c],caphis[c]
s_0144[c],cmaphis[c]
s_0145[m],acg5sa[m]
s_0146[m],2aceaci[m]
s_0147[c],cmusa[c]
s_0148[m],6hmhpt[m]
s_0149[c],2dhp[c]
s_0150[m],2dhp[m]
s_0152[c],drib[c]
s_0153[c],2dr5p[c]
s_0154[m],2hpmhmbq[m]
s_0155[m],2hp6mbq[m]
s_0156[m],2hpmmbq[m]
s_0157[m],2hp6mp[m]
s_0158[c],db4p[c]
s_0161[r],2hhxdal[r]
s_0162[c],3c3hmp[c]
s_0163[e],3c3hmp[e]
s_0164[m],3c3hmp[m]
s_0165[c],2ippm[c]
s_0166[c],2mbald[c]
s_0167[e],2mbald[e]
s_0168[m],2mbald[m]
s_0169[c],2mbtoh[c]
s_0170[e],2mbtoh[e]
s_0171[m],2mbtoh[m]
s_0172[c],2mbac[c]
s_0173[e],2mbac[e]
s_0174[m],2mcit[m]
s_0176[c],2oxoadp[c]
s_0177[m],2oxoadp[m]
s_0178[c],2obut[c]
s_0179[m],2obut[m]
s_0180[c],akg[c]
s_0181[e],akg[e]
s_0182[m],akg[m]
s_0183[n],akg[n]
s_0184[x],akg[x]
s_0185[c],2phetoh[c]
s_0186[e],2phetoh[e]
s_0187[m],2phetoh[m]
s_0188[c],2pg[c]
s_0189[c],ggdp[c]
s_0190[c],frdp[c]
s_0191[m],frdp[m]
s_0192[c],camp[c]
s_0193[c],35ccmp[c]
s_0194[c],35cdamp[c]
s_0195[c],35cgmp[c]
s_0196[c],35cimp[c]
s_0197[c],dpcoa[c]
s_0200[m],dpcoa[m]
s_0201[c],paps[c]
s_0204[c],34hpp[c]
s_0206[x],34hpp[x]
s_0207[c],imacp[c]
s_0208[c],aproa[c]
s_0209[c],3deh4met[c]
s_0210[c],3dhq[c]
s_0211[c],3dhsk[c]
s_0212[c],3dh5hpb[c]
s_0213[m],3dh5hpb[m]
s_0214[m],3hph5mb[m]
s_0215[c],3ophb_5[c]
s_0216[m],3ophb_5[m]
s_0217[c],3hy2is4me4oxbu[c]
s_0218[c],hmgcoa[c]
s_0221[m],hmgcoa[m]
s_0222[c],hLkynr[c]
s_0224[c],3hanthrn[c]
s_0229[x],CE2248[x]
s_0231[r],3dsphgn[r]
s_0232[c],3mob[c]
s_0233[m],3mob[m]
s_0234[c],3mbald[c]
s_0235[e],3mbald[e]
s_0236[m],3mbald[m]
s_0239[x],3odcoa[x]
s_0243[x],3ohxccoa[x]
s_0247[x],3oddcoa[x]
s_0250[x],3ohodcoa[x]
s_0253[x],3ohdcoa[x]
s_0257[x],3otdcoa[x]
s_0258[c],3php[c]
s_0259[c],pser__L[c]
s_0260[c],3pg[c]
s_0261[c],skm5p[c]
s_0262[c],44mctr[c]
s_0263[c],45bidi1dmyinte[c]
s_0264[c],phthr[c]
s_0267[c],2mahmp[c]
s_0268[c],4ampm[c]
s_0269[c],4adcho[c]
s_0270[c],4ahmmp[c]
s_0271[c],4abz[c]
s_0272[e],4abz[e]
s_0273[m],4abz[m]
s_0274[c],4abutn[c]
s_0275[m],4abutn[m]
s_0279[c],4dip1dmyoinopen[c]
s_0280[c],4gudbd[c]
s_0281[c],4gudbutn[c]
s_0282[c],4h2oglt[c]
s_0283[m],4h2oglt[m]
s_0284[x],4h2oglt[x]
s_0285[c],4hthr[c]
s_0286[c],4hbz[c]
s_0287[m],4hbz[m]
s_0290[m],4hbzcoa[m]
s_0291[c],4mop[c]
s_0292[m],4mop[m]
s_0293[c],4mpetz[c]
s_0294[c],4met2obut[c]
s_0295[c],4pasp[c]
s_0296[c],4mzym[c]
s_0297[c],4bemet4alcaraci[c]
s_0298[c],aps[c]
s_0299[c],25aics[c]
s_0300[c],air[c]
s_0301[c],fgam[c]
s_0302[c],fpram[c]
s_0303[c],5mta[c]
s_0304[c],methf[c]
s_0305[m],methf[m]
s_0306[c],mlthf[c]
s_0307[m],mlthf[m]
s_0308[c],thfglu[c]
s_0309[c],56bidi1dmyinte[c]
s_0310[c],4mhetz[c]
s_0311[c],dkmpp[c]
s_0312[c],prlp[c]
s_0313[c],5aprbu[c]
s_0314[c],4r5au[c]
s_0315[c],5aop[c]
s_0316[e],5aop[e]
s_0317[m],5aop[m]
s_0318[c],ppmi12346p[c]
s_0319[c],5fthf[c]
s_0320[e],5fthf[e]
s_0321[m],5fthf[m]
s_0322[c],5mthf[c]
s_0323[c],mhpglu[c]
s_0324[c],3psme[c]
s_0325[c],gar[c]
s_0326[c],prbatp[c]
s_0327[c],pram[c]
s_0328[c],dmlz[c]
s_0329[r],gpail_hs[r]
s_0330[r],6aldgloac1ph1dmyin[r]
s_0331[r],acgpail_hs[r]
s_0332[r],aamaamaamagapmi[r]
s_0333[c],6dip1dmyoinopen[c]
s_0334[r],almaalglacphmyin[r]
s_0335[c],6pgl[c]
s_0337[r],amphalmaalglacphmyin[r]
s_0338[r],almaalmaamphalmaalglacphmyin[r]
s_0339[r],almaamphalmaalglacphmyin[r]
s_0340[c],6pgc[c]
s_0341[c],dann[c]
s_0342[e],dann[e]
s_0343[c],dhnpt[c]
s_0344[m],dhnpt[m]
s_0345[c],dhpmp[c]
s_0346[c],ahdt[c]
s_0347[c],dhpt[c]
s_0348[m],dhpt[m]
s_0349[c],2dda7p[c]
s_0350[m],2dda7p[m]
s_0352[c],8aonn[c]
s_0354[e],8aonn[e]
s_0357[c],xan[c]
s_0358[e],xan[e]
s_0359[c],acald[c]
s_0360[e],acald[e]
s_0361[m],acald[m]
s_0362[c],ac[c]
s_0363[r],ac[r]
s_0364[e],ac[e]
s_0365[m],ac[m]
s_0366[n],ac[n]
s_0367[c],aacoa[c]
s_0370[m],aacoa[m]
s_0372[m],acACP[m]
s_0373[c],accoa[c]
s_0376[m],accoa[m]
s_0377[n],accoa[n]
s_0378[x],accoa[x]
s_0383[c],ade[c]
s_0384[e],ade[e]
s_0385[m],ade[m]
s_0386[c],adn[c]
s_0387[e],adn[e]
s_0389[c],amp2p[c]
s_0390[c],pap[c]
s_0391[e],pap[e]
s_0392[m],pap[m]
s_0393[c],dcamp[c]
s_0394[c],adp[c]
s_0395[r],adp[r]
s_0397[m],adp[m]
s_0398[n],adp[n]
s_0399[x],adp[x]
s_0402[n],adprib[n]
s_0403[c],aicar[c]
s_0404[c],alatrna[c]
s_0405[c],alltt[c]
s_0406[e],alltt[e]
s_0407[c],alltn[c]
s_0408[e],alltn[e]
s_0409[c],tre6p[c]
s_0410[c],gal1p[c]
s_0411[c],gam1p[c]
s_0412[c],gam6p[c]
s_0413[e],gam6p[e]
s_0414[g],alpdmanbetdman[g]
s_0415[c],r1p[c]
s_0416[m],r1p[m]
s_0417[c],aacald[c]
s_0418[c],aact[c]
s_0419[c],nh4[c]
s_0420[e],nh4[e]
s_0421[m],nh4[m]
s_0423[c],amp[c]
s_0424[m],amp[m]
s_0425[n],amp[n]
s_0426[x],amp[x]
s_0427[c],anth[c]
s_0428[c],argtrna[c]
s_0429[m],argtrna[m]
s_0430[c],asntrna[c]
s_0431[m],asntrna[m]
s_0432[c],asptrna[c]
s_0433[m],asptrna[m]
s_0434[c],atp[c]
s_0435[r],atp[r]
s_0437[m],atp[m]
s_0438[n],atp[n]
s_0439[x],atp[x]
s_0441[c],ala_B[c]
s_0442[c],f26bp[c]
s_0443[c],mpdol[c]
s_0444[g],mpdol[g]
s_0445[c],hco3[c]
s_0446[e],hco3[e]
s_0447[m],hco3[m]
s_0448[n],hco3[n]
s_0450[c],bio[c]
s_0451[c],btn[c]
s_0452[e],btn[e]
s_0453[c],btamp[c]
s_0454[m],b124tc[m]
s_0455[c],cbp[c]
s_0456[c],co2[c]
s_0457[r],co2[r]
s_0458[e],co2[e]
s_0460[m],co2[m]
s_0461[n],co2[n]
s_0462[x],co2[x]
s_0465[m],malACP[m]
s_0467[c],cdp[c]
s_0468[n],cdp[n]
s_0469[c],cdpchol[c]
s_0474[c],cdpea[c]
s_0475[r],cer1_24[r]
s_0476[g],cer1_24[g]
s_0477[m],cer1_24[m]
s_0478[r],cer1_26[r]
s_0479[g],cer1_26[g]
s_0480[m],cer1_26[m]
s_0481[r],cer2_24[r]
s_0482[g],cer2_24[g]
s_0483[m],cer2_24[m]
s_0484[r],cer2_26[r]
s_0485[g],cer2_26[g]
s_0486[m],cer2_26[m]
s_0487[r],cer2c24[r]
s_0488[g],cer2c24[g]
s_0489[m],cer2c24[m]
s_0490[r],cer2c26[r]
s_0491[g],cer2c26[g]
s_0492[m],cer2c26[m]
s_0493[r],cer3_24[r]
s_0494[g],cer3_24[g]
s_0495[m],cer3_24[m]
s_0496[r],cer3_26[r]
s_0497[g],cer3_26[g]
s_0498[m],cer3_26[m]
s_0499[r],cer4c24[r]
s_0500[g],cer4c24[g]
s_0501[m],cer4c24[m]
s_0502[r],cer4c26[r]
s_0503[g],cer4c26[g]
s_0504[m],cer4c26[m]
s_0507[r],hexc[r]
s_0509[c],chtn[c]
s_0510[ce],chitos[ce]
s_0511[ce],chol[ce]
s_0512[c],chol[c]
s_0513[e],chol[e]
s_0514[c],cholp[c]
s_0515[c],chor[c]
s_0516[c],acon_C[c]
s_0517[m],acon_C[m]
s_0522[c],cit[c]
s_0523[e],cit[e]
s_0524[m],cit[m]
s_0525[x],cit[x]
s_0526[c],cmp[c]
s_0528[m],cmp[m]
s_0529[c],coa[c]
s_0530[r],coa[r]
s_0531[lp],coa[lp]
s_0532[m],coa[m]
s_0533[n],coa[n]
s_0534[x],coa[x]
s_0538[c],cpppg3[c]
s_0539[c],ctp[c]
s_0541[m],ctp[m]
s_0542[c],cystrna[c]
s_0543[c],cytd[c]
s_0544[e],cytd[e]
s_0545[c],csn[c]
s_0546[e],csn[e]
s_0547[c],Dara14lac[c]
s_0548[c],arab__D[c]
s_0549[e],arab__D[e]
s_0550[c],eig3p[c]
s_0551[c],e4p[c]
s_0552[m],e4p[m]
s_0553[c],fru[c]
s_0554[e],fru[e]
s_0555[c],fdp[c]
s_0556[c],f1p[c]
s_0557[c],f6p[c]
s_0558[c],gal[c]
s_0559[e],gal[e]
s_0560[e],galur[e]
s_0561[c],sbt__D[c]
s_0562[e],sbt__D[e]
s_0563[c],glc__D[c]
s_0565[e],glc__D[e]
s_0566[v],glc__D[v]
s_0567[c],g1p[c]
s_0568[c],g6p[c]
s_0570[c],glyald[c]
s_0571[c],man[c]
s_0572[e],man[e]
s_0573[c],man1p[c]
s_0574[c],man6p[c]
s_0575[c],rib__D[c]
s_0576[e],rib__D[e]
s_0577[c],ru5p__D[c]
s_0578[c],xyl__D[c]
s_0579[e],xyl__D[e]
s_0580[c],xylu__D[c]
s_0581[c],xu5p__D[c]
s_0582[c],dadp[c]
s_0583[n],dadp[n]
s_0584[c],damp[c]
s_0585[m],damp[m]
s_0586[c],datp[c]
s_0587[c],dcdp[c]
s_0588[n],dcdp[n]
s_0589[c],dcmp[c]
s_0590[c],dctp[c]
s_0591[c],dnad[c]
s_0593[n],dnad[n]
s_0595[c],dca[c]
s_0597[e],dca[e]
s_0600[x],dca[x]
s_0605[x],dccoa[x]
s_0606[lp],decdp[lp]
s_0607[c],dehdara14lac[c]
s_0608[c],de6trde8cileb4[c]
s_0609[n],de6trde8cileb4[n]
s_0610[c],dcyt[c]
s_0611[e],dcyt[e]
s_0612[c],dtbt[c]
s_0613[c],dgdp[c]
s_0614[n],dgdp[n]
s_0615[c],dgmp[c]
s_0616[m],dgmp[m]
s_0617[c],dgtp[c]
s_0618[c],didp[c]
s_0620[r],dag_hs[r]
s_0625[c],dhf[c]
s_0626[m],dhf[m]
s_0627[m],dhlam[m]
s_0628[m],dhlpro[m]
s_0629[c],dhap[c]
s_0631[lp],dhap[lp]
s_0632[m],dhap[m]
s_0633[c],ppi[c]
s_0635[lp],ppi[lp]
s_0636[m],ppi[m]
s_0637[n],ppi[n]
s_0638[x],ppi[x]
s_0639[c],ditp[c]
s_0640[lp],docdip[lp]
s_0641[lp],doddip[lp]
s_0642[c],dolichol[c]
s_0644[r],dolmanp[r]
s_0645[c],dolp[c]
s_0646[r],dolp[r]
s_0647[c],dtdp[c]
s_0649[c],dtmp[c]
s_0650[c],dttp[c]
s_0651[e],dttp[e]
s_0652[c],dudp[c]
s_0653[n],dudp[n]
s_0654[c],dump[c]
s_0655[n],dump[n]
s_0656[c],dutp[c]
s_0657[c],epist[c]
s_0659[e],epist[e]
s_0662[c],ergtetrol[c]
s_0663[r],ergtetrol[r]
s_0664[c],ergtrol[c]
s_0665[ce],ergst[ce]
s_0666[c],ergst[c]
s_0667[r],ergst[r]
s_0668[e],ergst[e]
s_0669[lp],ergst[lp]
s_0670[c],ergst3glc[c]
s_0672[c],ergestbac[c]
s_0677[c],e4hglu[c]
s_0678[m],e4hglu[m]
s_0679[x],e4hglu[x]
s_0680[c],etoh[c]
s_0681[e],etoh[e]
s_0682[m],etoh[m]
s_0683[c],etha[c]
s_0684[e],etha[e]
s_0685[c],ethace[c]
s_0686[e],ethace[e]
s_0687[c],fad[c]
s_0688[m],fad[m]
s_0689[c],fadh2[c]
s_0690[m],fadh2[m]
s_0692[lp],frdp[lp]
s_0694[c],fatacibac[c]
s_0699[ce],fecost[ce]
s_0700[c],fecost[c]
s_0702[e],fecost[e]
s_0703[lp],fecost[lp]
s_0709[m],ficytc[m]
s_0710[m],focytc[m]
s_0712[m],pheme[m]
s_0713[m],fmettrna[m]
s_0714[c],fmn[c]
s_0715[e],fmn[e]
s_0716[m],fmn[m]
s_0717[c],fmnh2[c]
s_0719[c],fol[c]
s_0720[e],fol[e]
s_0721[c],fald[c]
s_0722[c],for[c]
s_0723[e],for[e]
s_0724[m],for[m]
s_0725[c],fum[c]
s_0726[e],fum[e]
s_0727[m],fum[m]
s_0734[c],4abut[c]
s_0736[e],4abut[e]
s_0738[m],4abut[m]
s_0739[c],gdp[c]
s_0740[g],gdp[g]
s_0741[m],gdp[m]
s_0742[n],gdp[n]
s_0743[c],gdpmann[c]
s_0744[g],gdpmann[g]
s_0745[c],grdp[c]
s_0746[lp],ggdp[lp]
s_0747[c],glntrna[c]
s_0748[c],glutrna[c]
s_0749[m],glutrna[m]
s_0750[c],gthrd[c]
s_0751[e],gthrd[e]
s_0752[m],gthrd[m]
s_0753[v],gthrd[v]
s_0754[c],gthox[c]
s_0755[e],gthox[e]
s_0756[m],gthox[m]
s_0757[c],glytrna[c]
s_0764[c],g3p[c]
s_0765[c],glyc[c]
s_0766[e],glyc[e]
s_0767[c],glyc3p[c]
s_0769[lp],glyc3p[lp]
s_0770[m],glyc3p[m]
s_0771[c],dha[c]
s_0773[c],glycogen[c]
s_0774[v],glycogen[v]
s_0775[c],gcald[c]
s_0776[e],gcald[e]
s_0777[m],gcald[m]
s_0779[c],glx[c]
s_0780[e],glx[e]
s_0781[x],glx[x]
s_0782[c],gmp[c]
s_0783[g],gmp[g]
s_0785[c],gtp[c]
s_0786[m],gtp[m]
s_0787[c],gua[c]
s_0788[e],gua[e]
s_0789[m],gua[m]
s_0790[c],gsn[c]
s_0791[e],gsn[e]
s_0792[m],gsn[m]
s_0793[ce],h[ce]
s_0794[c],h[c]
s_0795[r],h[r]
s_0796[e],h[e]
s_0797[g],h[g]
s_0798[lp],h[lp]
s_0799[m],h[m]
s_0800[n],h[n]
s_0801[x],h[x]
s_0802[v],h[v]
s_0803[c],h2o[c]
s_0804[r],h2o[r]
s_0805[e],h2o[e]
s_0806[g],h2o[g]
s_0807[m],h2o[m]
s_0808[n],h2o[n]
s_0809[x],h2o[x]
s_0810[v],h2o[v]
s_0811[m],hemeA[m]
s_0812[m],hemeO[m]
s_0813[lp],hendip[lp]
s_0814[lp],hepdip[lp]
s_0815[lp],hepdp[lp]
s_0816[c],hexccoa[c]
s_0817[r],hexccoa[r]
s_0819[x],hexccoa[x]
s_0823[x],hdd2coa[x]
s_0825[r],hxdcal[r]
s_0826[e],hxdcal[e]
s_0829[lp],hexdip[lp]
s_0830[lp],hexdp[lp]
s_0831[m],hexdp[m]
s_0832[c],histrna[c]
s_0833[m],histrna[m]
s_0834[m],hom[m]
s_0835[n],hom[n]
s_0836[m],hicit[m]
s_0837[c],h2o2[c]
s_0838[m],h2o2[m]
s_0839[n],h2o2[n]
s_0840[x],h2o2[x]
s_0841[c],h2s[c]
s_0843[c],hxan[c]
s_0844[e],hxan[e]
s_0845[lp],icodip[lp]
s_0846[c],idp[c]
s_0847[c],iletrna[c]
s_0848[m],iletrna[m]
s_0849[c],imp[c]
s_0850[c],id3acald[c]
s_0851[e],id3acald[e]
s_0852[m],id3acald[m]
s_0853[c],ind3ac[c]
s_0854[m],ind3ac[m]
s_0855[c],indpyr[c]
s_0856[c],ins[c]
s_0857[e],ins[e]
s_0859[g],inophophobac[g]
s_0861[r],inophophoac24[r]
s_0862[g],inophophoac24[g]
s_0863[m],inophophoac24[m]
s_0864[r],inophophoac26[r]
s_0865[g],inophophoac26[g]
s_0866[m],inophophoac26[m]
s_0867[r],inophophobc24[r]
s_0868[g],inophophobc24[g]
s_0869[m],inophophobc24[m]
s_0870[r],inophophobc26[r]
s_0871[g],inophophobc26[g]
s_0872[m],inophophobc26[m]
s_0873[r],inophophosbc24[r]
s_0874[g],inophophosbc24[g]
s_0875[m],inophophosbc24[m]
s_0876[r],inophophosbc26[r]
s_0877[g],inophophosbc26[g]
s_0878[m],inophophosbc26[m]
s_0879[r],inophophocc24[r]
s_0880[g],inophophocc24[g]
s_0881[m],inophophocc24[m]
s_0882[r],inophophocc26[r]
s_0883[g],inophophocc26[g]
s_0884[m],inophophocc26[m]
s_0885[r],inophophodc24[r]
s_0886[g],inophophodc24[g]
s_0887[m],inophophodc24[m]
s_0888[r],inophophodc26[r]
s_0889[g],inophophodc26[g]
s_0890[m],inophophodc26[m]
s_0892[g],inopcerbac[g]
s_0894[r],inopcerac24[r]
s_0895[g],inopcerac24[g]
s_0896[m],inopcerac24[m]
s_0897[r],inopcerac26[r]
s_0898[g],inopcerac26[g]
s_0899[m],inopcerac26[m]
s_0900[r],inopcerbc24[r]
s_0901[g],inopcerbc24[g]
s_0902[m],inopcerbc24[m]
s_0903[r],inopcerbc26[r]
s_0904[g],inopcerbc26[g]
s_0905[m],inopcerbc26[m]
s_0906[r],inopcerabc24[r]
s_0907[g],inopcerabc24[g]
s_0908[m],inopcerabc24[m]
s_0909[r],inopcerabc26[r]
s_0910[g],inopcerabc26[g]
s_0911[m],inopcerabc26[m]
s_0912[r],inopcercc24[r]
s_0913[g],inopcercc24[g]
s_0914[m],inopcercc24[m]
s_0915[r],inopcercc26[r]
s_0916[g],inopcercc26[g]
s_0917[m],inopcercc26[m]
s_0918[r],inopcerdc24[r]
s_0919[g],inopcerdc24[g]
s_0920[m],inopcerdc24[m]
s_0921[r],inopcerdc26[r]
s_0922[g],inopcerdc26[g]
s_0923[m],inopcerdc26[m]
s_0924[c],fe2[c]
s_0925[e],fe2[e]
s_0926[m],fe2[m]
s_0927[c],iamac[c]
s_0928[e],iamac[e]
s_0929[c],iamoh[c]
s_0930[e],iamoh[e]
s_0931[m],iamoh[m]
s_0932[c],ibutoh[c]
s_0933[e],ibutoh[e]
s_0934[m],ibutoh[m]
s_0935[c],ibutac[c]
s_0936[e],ibutac[e]
s_0937[c],2mppal[c]
s_0938[e],2mppal[e]
s_0939[m],2mppal[m]
s_0940[c],icit[c]
s_0941[m],icit[m]
s_0942[x],icit[x]
s_0943[c],ipdp[c]
s_0944[lp],ipdp[lp]
s_0945[m],ipdp[m]
s_0946[m],itacon[m]
s_0949[m],itaccoa[m]
s_0950[c],itp[c]
s_0951[c],phpyr[c]
s_0952[c],2aobut[c]
s_0953[c],L2aadp[c]
s_0954[m],4hglusa[m]
s_0955[c],ala__L[c]
s_0956[e],ala__L[e]
s_0957[m],ala__L[m]
s_0958[c],athr__L[c]
s_0959[c],L2aadp6sa[c]
s_0960[c],2amsa[c]
s_0961[c],abt[c]
s_0962[e],abt[e]
s_0963[c],arab__L[c]
s_0964[e],arab__L[e]
s_0965[c],arg__L[c]
s_0966[e],arg__L[e]
s_0967[m],arg__L[m]
s_0968[v],arg__L[v]
s_0969[c],asn__L[c]
s_0970[e],asn__L[e]
s_0971[m],asn__L[m]
s_0972[v],asn__L[v]
s_0973[c],asp__L[c]
s_0974[e],asp__L[e]
s_0975[m],asp__L[m]
s_0976[x],asp__L[x]
s_0977[v],asp__L[v]
s_0978[c],aspsa[c]
s_0979[c],citr__L[c]
s_0980[c],cyst__L[c]
s_0981[c],cys__L[c]
s_0982[e],cys__L[e]
s_0983[c],cgly[c]
s_0984[c],cysi__L[c]
s_0985[v],cysi__L[v]
s_0986[c],glu5p[c]
s_0987[c],gluala[c]
s_0988[c],glucys[c]
s_0989[c],sbt__L[c]
s_0990[e],sbt__L[e]
s_0991[c],glu__L[c]
s_0992[e],glu__L[e]
s_0993[m],glu__L[m]
s_0994[n],glu__L[n]
s_0995[x],glu__L[x]
s_0996[v],glu__L[v]
s_0997[c],glu5sa[c]
s_0999[c],gln__L[c]
s_1000[e],gln__L[e]
s_1001[n],gln__L[n]
s_1002[v],gln__L[v]
s_1003[c],gly[c]
s_1004[e],gly[e]
s_1005[m],gly[m]
s_1006[c],his__L[c]
s_1007[e],his__L[e]
s_1008[m],his__L[m]
s_1009[v],his__L[v]
s_1010[c],histd[c]
s_1011[c],hisp[c]
s_1012[c],hcys__L[c]
s_1014[c],hom__L[c]
s_1015[e],hom__L[e]
s_1016[c],ile__L[c]
s_1017[e],ile__L[e]
s_1018[m],ile__L[m]
s_1019[v],ile__L[v]
s_1020[c],Lkynr[c]
s_1021[c],leu__L[c]
s_1022[e],leu__L[e]
s_1023[m],leu__L[m]
s_1024[v],leu__L[v]
s_1025[c],lys__L[c]
s_1026[e],lys__L[e]
s_1027[m],lys__L[m]
s_1028[v],lys__L[v]
s_1029[c],met__L[c]
s_1030[e],met__L[e]
s_1031[m],met__L[m]
s_1032[c],phe__L[c]
s_1033[e],phe__L[e]
s_1034[m],phe__L[m]
s_1035[c],pro__L[c]
s_1036[e],pro__L[e]
s_1037[m],pro__L[m]
s_1038[c],saccrp__L[c]
s_1039[c],ser__L[c]
s_1040[r],ser__L[r]
s_1041[e],ser__L[e]
s_1042[m],ser__L[m]
s_1043[c],srb__L[c]
s_1044[e],srb__L[e]
s_1045[c],thr__L[c]
s_1046[e],thr__L[e]
s_1047[m],thr__L[m]
s_1048[c],trp__L[c]
s_1049[e],trp__L[e]
s_1050[m],trp__L[m]
s_1051[c],tyr__L[c]
s_1052[e],tyr__L[e]
s_1053[m],tyr__L[m]
s_1054[x],tyr__L[x]
s_1055[v],tyr__L[v]
s_1056[c],val__L[c]
s_1057[e],val__L[e]
s_1058[m],val__L[m]
s_1059[c],lanost[c]
s_1061[e],lanost[e]
s_1065[c],ddca[c]
s_1067[e],ddca[e]
s_1070[x],ddca[x]
s_1073[c],ddcacoa[c]
s_1076[x],ddcacoa[x]
s_1077[c],leutrna[c]
s_1078[m],leutrna[m]
s_1079[c],leuktrA4[c]
s_1080[n],leuktrA4[n]
s_1081[c],leuktrB4[c]
s_1082[n],leuktrB4[n]
s_1085[r],lgnc[r]
s_1096[c],lip[c]
s_1097[m],lpam[m]
s_1098[m],lpro[m]
s_1099[c],lystrna[c]
s_1100[m],lystrna[m]
s_1101[c],malcoa[c]
s_1104[m],malcoa[m]
s_1105[c],malt[c]
s_1106[e],malt[e]
s_1107[c],mannan[c]
s_1108[r],mannan[r]
s_1109[r],man2mi1p__D[r]
s_1110[m],man2mi1p__D[m]
s_1111[r],manmi1p__D[r]
s_1112[m],manmi1p__D[m]
s_1114[g],manphobac[g]
s_1116[r],manphoac24[r]
s_1117[g],manphoac24[g]
s_1118[m],manphoac24[m]
s_1119[r],manphoac26[r]
s_1120[g],manphoac26[g]
s_1121[m],manphoac26[m]
s_1122[r],manphobc24[r]
s_1123[g],manphobc24[g]
s_1124[m],manphobc24[m]
s_1125[r],manphobc26[r]
s_1126[g],manphobc26[g]
s_1127[m],manphobc26[m]
s_1128[r],manphosbc24[r]
s_1129[g],manphosbc24[g]
s_1130[m],manphosbc24[m]
s_1131[r],manphosbc26[r]
s_1132[g],manphosbc26[g]
s_1133[m],manphosbc26[m]
s_1134[r],manphocc24[r]
s_1135[g],manphocc24[g]
s_1136[m],manphocc24[m]
s_1137[r],manphocc26[r]
s_1138[g],manphocc26[g]
s_1139[m],manphocc26[m]
s_1140[r],manphodc24[r]
s_1141[g],manphodc24[g]
s_1142[m],manphodc24[m]
s_1143[r],manphodc26[r]
s_1144[g],manphodc26[g]
s_1145[m],manphodc26[m]
s_1148[c],mettrna[c]
s_1149[m],mettrna[m]
s_1150[c],ch4s[c]
s_1151[c],mthgxl[c]
s_1153[c],inost[c]
s_1154[e],inost[e]
s_1156[c],inospp1[c]
s_1157[n],inospp1[n]
s_1158[c],minohp[c]
s_1159[n],minohp[n]
s_1161[c],ttdca[c]
s_1163[e],ttdca[e]
s_1166[x],ttdca[x]
s_1176[c],tdcoa[c]
s_1179[x],tdcoa[x]
s_1180[c],N1aspmd[c]
s_1181[c],N1sprm[c]
s_1182[m],acorn[m]
s_1183[c],NPmehis[c]
s_1184[c],chito2pdol[c]
s_1185[c],nndif[c]
s_1186[e],nndif[e]
s_1187[c],pran[c]
s_1188[c],4ppcys[c]
s_1189[c],acgal1p[c]
s_1190[c],acgam6p[c]
s_1191[m],acg5p[m]
s_1192[m],acglu[m]
s_1193[c],aprut[c]
s_1194[c],cbasp[c]
s_1195[c],Lfmkynr[c]
s_1196[c],Nfortyr[c]
s_1198[c],nad[c]
s_1199[r],nad[r]
s_1200[m],nad[m]
s_1201[n],nad[n]
s_1202[x],nad[x]
s_1203[c],nadh[c]
s_1204[r],nadh[r]
s_1205[m],nadh[m]
s_1206[x],nadh[x]
s_1207[c],nadp[c]
s_1208[r],nadp[r]
s_1210[m],nadp[m]
s_1211[x],nadp[x]
s_1212[c],nadph[c]
s_1213[r],nadph[r]
s_1214[m],nadph[m]
s_1215[x],nadph[x]
s_1216[c],ncam[c]
s_1217[n],ncam[n]
s_1218[c],rnam[c]
s_1219[c],nac[c]
s_1220[e],nac[e]
s_1221[m],nac[m]
s_1222[c],nicrnt[c]
s_1223[m],nicrnt[m]
s_1224[c],nmn[c]
s_1225[e],nmn[e]
s_1227[n],nmn[n]
s_1228[x],nmn[x]
s_1229[lp],nondip[lp]
s_1230[c],non4hydben[c]
s_1231[c],nondiph[c]
s_1232[lp],nondiph[lp]
s_1233[c],achms[c]
s_1234[c],acser[c]
s_1235[c],acrn[c]
s_1236[m],acrn[m]
s_1237[x],acrn[x]
s_1238[c],phom[c]
s_1239[c],ethamp[c]
s_1240[r],ethamp[r]
s_1241[c],suchms[c]
s_1246[lp],octdip[lp]
s_1248[c],octa[c]
s_1250[e],octa[e]
s_1253[x],octa[x]
s_1254[m],octaacp[m]
s_1258[x],occoa[x]
s_1259[lp],octdp[lp]
s_1260[c],ocdcea[c]
s_1262[c],ocdce9coa[c]
s_1265[x],ocdce9coa[x]
s_1266[c],orn[c]
s_1267[e],orn[e]
s_1268[m],orn[m]
s_1269[c],orot[c]
s_1270[c],orot5p[c]
s_1271[c],oaa[c]
s_1272[e],oaa[e]
s_1273[m],oaa[m]
s_1274[x],oaa[x]
s_1275[c],o2[c]
s_1276[r],o2[r]
s_1277[e],o2[e]
s_1278[m],o2[m]
s_1279[x],o2[x]
s_1282[c],ap4a[c]
s_1283[c],gp4g[c]
s_1284[c],ap4g[c]
s_1286[c],hdca[c]
s_1288[e],hdca[e]
s_1291[x],hdca[x]
s_1293[c],hdcea[c]
s_1295[e],hdcea[e]
s_1298[x],hdcea[x]
s_1302[c],pmtcoa[c]
s_1303[r],pmtcoa[r]
s_1305[x],pmtcoa[x]
s_1307[c],pan4p[c]
s_1308[m],pan4p[m]
s_1309[e],pectin[e]
s_1310[lp],pendip[lp]
s_1311[c],pendp[c]
s_1312[lp],pendp[lp]
s_1313[m],pendp[m]
s_1314[c],phetrna[c]
s_1315[m],phetrna[m]
s_1316[c],pheac[c]
s_1317[e],pheac[e]
s_1318[c],pacald[c]
s_1319[e],pacald[e]
s_1320[m],pacald[m]
s_1321[c],pac[c]
s_1322[c],pi[c]
s_1323[r],pi[r]
s_1324[e],pi[e]
s_1325[g],pi[g]
s_1326[m],pi[m]
s_1329[v],pi[v]
s_1337[c],ps_cho[c]
s_1346[c],pchol_cho[c]
s_1351[c],pe_hs[c]
s_1352[r],pe_hs[r]
s_1360[c],pep[c]
s_1361[m],pep[m]
s_1364[c],5aizc[c]
s_1365[c],fprica[c]
s_1366[r],psphings[r]
s_1367[r],psph1p[r]
s_1368[c],pmcoa[c]
s_1371[c],poly[c]
s_1372[c],ppbng[c]
s_1373[c],k[c]
s_1374[e],k[e]
s_1375[c],dscl[c]
s_1376[c],dmpp[c]
s_1377[c],pphn[c]
s_1378[c],hmbil[c]
s_1379[c],protrna[c]
s_1382[m],ppcoa[m]
s_1383[m],ppp9[m]
s_1384[c],pppg9[c]
s_1385[m],pppg9[m]
s_1386[c],prpp[c]
s_1387[m],prpp[m]
s_1388[c],pse5pho[c]
s_1389[c],ptrc[c]
s_1390[e],ptrc[e]
s_1391[v],ptrc[v]
s_1392[c],pydx[c]
s_1393[c],pydx5p[c]
s_1394[c],pydam[c]
s_1395[c],pyam5p[c]
s_1396[c],pydxn[c]
s_1397[e],pydxn[e]
s_1398[c],pdx5p[c]
s_1399[c],pyr[c]
s_1400[e],pyr[e]
s_1401[m],pyr[m]
s_1403[c],quln[c]
s_1404[m],quln[m]
s_1405[c],ribflv[c]
s_1406[e],ribflv[e]
s_1407[m],ribflv[m]
s_1408[c],r5p[c]
s_1409[m],alpam[m]
s_1410[m],alpro[m]
s_1411[m],sdhlam[m]
s_1412[c],amob[c]
s_1413[c],ahcys[c]
s_1415[m],ahcys[m]
s_1416[c],amet[c]
s_1418[e],amet[e]
s_1419[m],amet[m]
s_1420[c],ametam[c]
s_1421[c],Sfglutth[c]
s_1422[c],5mdr1p[c]
s_1423[c],5mdru1p[c]
s_1424[c],mmet[c]
s_1425[e],mmet[e]
s_1426[c],s17bp[c]
s_1427[c],s7p[c]
s_1428[c],sertrna[c]
s_1429[c],skm[c]
s_1430[c],sheme[c]
s_1431[c],scl[c]
s_1432[ce],g3pc[ce]
s_1433[c],g3pc[c]
s_1435[e],g3pc[e]
s_1437[c],na1[c]
s_1438[e],na1[e]
s_1439[c],spmd[c]
s_1440[e],spmd[e]
s_1441[v],spmd[v]
s_1442[c],sprm[c]
s_1443[e],sprm[e]
s_1444[v],sprm[v]
s_1445[r],sphgn[r]
s_1446[r],sph1p[r]
s_1447[c],sql[c]
s_1448[r],sql[r]
s_1449[c],ocdca[c]
s_1450[e],ocdca[e]
s_1451[x],ocdca[x]
s_1454[c],stcoa[c]
s_1457[x],stcoa[x]
s_1458[c],succ[c]
s_1459[e],succ[e]
s_1460[m],succ[m]
s_1461[c],sucsal[c]
s_1464[m],succoa[m]
s_1466[e],sucr[e]
s_1467[c],so4[c]
s_1468[e],so4[e]
s_1469[c],so3[c]
s_1470[e],so3[e]
s_1471[c],taur[c]
s_1472[e],taur[e]
s_1473[c],tchola[c]
s_1474[v],tchola[v]
s_1475[c],thmpp[c]
s_1476[e],thmpp[e]
s_1477[m],thmpp[m]
s_1479[c],ttccoa[c]
s_1480[r],ttccoa[r]
s_1482[x],ttccoa[x]
s_1483[lp],tetdip[lp]
s_1486[c],hpglu[c]
s_1487[c],thf[c]
s_1488[m],thf[m]
s_1489[c],thm[c]
s_1490[e],thm[e]
s_1491[c],thrtrna[c]
s_1492[m],thrtrna[m]
s_1493[c],thymd[c]
s_1494[e],thymd[e]
s_1497[c],thmmp[c]
s_1498[e],thmmp[e]
s_1503[c],acon_T[c]
s_1504[m],acon_T[m]
s_1507[x],dc2coa[x]
s_1510[x],dd2coa[x]
s_1513[x],hxc2coa[x]
s_1516[x],od2coa[x]
s_1519[x],td2coa[x]
s_1520[c],tre[c]
s_1521[e],tre[e]
s_1522[v],tre[v]
s_1523[lp],tridip[lp]
s_1524[c],tag_cho[c]
s_1526[c],tri[c]
s_1527[c],trptrna[c]
s_1528[m],trptrna[m]
s_1529[c],ind3eth[c]
s_1530[e],ind3eth[e]
s_1531[m],ind3eth[m]
s_1532[c],thmtp[c]
s_1533[c],tyrtrna[c]
s_1534[m],tyrtrna[m]
s_1535[m],q6h2[m]
s_1537[m],q6[m]
s_1538[c],udp[c]
s_1539[g],udp[g]
s_1540[n],udp[n]
s_1541[c],udpgal[c]
s_1542[g],udpgal[g]
s_1543[c],udpg[c]
s_1544[c],uacgam[c]
s_1545[c],ump[c]
s_1546[g],ump[g]
s_1547[m],ump[m]
s_1548[n],ump[n]
s_1549[lp],udcpdp[lp]
s_1550[c],ura[c]
s_1551[e],ura[e]
s_1552[c],urea[c]
s_1553[e],urea[e]
s_1554[c],allphn[c]
s_1555[c],urdglyc[c]
s_1556[c],uri[c]
s_1557[e],uri[e]
s_1558[c],uppg3[c]
s_1559[c],utp[c]
s_1560[m],utp[m]
s_1561[c],valtrna[c]
s_1562[m],valtrna[m]
s_1563[c],xtsn[c]
s_1564[e],xtsn[e]
s_1565[c],xmp[c]
s_1566[c],xylt[c]
s_1567[e],xylt[e]
s_1568[ce],zymst[ce]
s_1569[c],zymst[c]
s_1571[e],zymst[e]
s_1572[lp],zymst[lp]
s_1576[c],M00963[c]
s_1577[c],M00959[c]
s_1578[c],zymint1c[c]
s_1579[c],M01067[c]
s_1582[c],trnaala[c]
s_1583[c],trnaarg[c]
s_1584[m],trnaarg[m]
s_1585[c],trnaasn[c]
s_1586[m],trnaasn[m]
s_1587[c],trnaasp[c]
s_1588[m],trnaasp[m]
s_1589[c],trnacys[c]
s_1590[c],trnagln[c]
s_1591[c],trnaglu[c]
s_1592[m],trnaglu[m]
s_1593[c],trnagly[c]
s_1594[c],trnahis[c]
s_1595[m],trnahis[m]
s_1596[c],trnaile[c]
s_1597[m],trnaile[m]
s_1598[c],trnaleu[c]
s_1599[m],trnaleu[m]
s_1600[c],trnalys[c]
s_1601[m],trnalys[m]
s_1602[c],trnamet[c]
s_1603[m],trnamet[m]
s_1604[c],trnaphe[c]
s_1605[m],trnaphe[m]
s_1606[c],trnapro[c]
s_1607[c],trnaser[c]
s_1608[c],trnathr[c]
s_1609[m],trnathr[m]
s_1610[c],trnatrp[c]
s_1611[m],trnatrp[m]
s_1612[c],trnatyr[c]
s_1613[m],trnatyr[m]
s_1614[c],trnaval[c]
s_1615[m],trnaval[m]
s_1616[c],trdrd[c]
s_1617[m],trdrd[m]
s_1618[n],trdrd[n]
s_1619[x],trdrd[x]
s_1620[c],trdox[c]
s_1621[m],trdox[m]
s_1622[n],trdox[n]
s_1623[x],trdox[x]
s_2763[c],kynate[c]
s_2764[c],quiaci[c]
s_1845[m],ACP[m]
s_2766[e],44mzym[e]
s_2768[e],ergtetrol[e]
s_2770[m],actACP[m]
s_2771[m],butaacp[m]
s_2772[m],3ohexACP[m]
s_2773[m],hexaacp[m]
s_2774[m],3ooctACP[m]
s_2775[m],3hbutACP[m]
s_2776[m],3hhexACP[m]
s_2777[m],3hoctaACP[m]
s_2778[m],trabut2enoacp[m]
s_2779[m],thex2eACP[m]
s_2780[m],toct2eACP[m]
s_2781[erm],ddcacoa[erm]
s_2782[erm],malcoa[erm]
s_2783[erm],h[erm]
s_2784[erm],co2[erm]
s_2785[erm],coa[erm]
s_2786[erm],3otdcoa[erm]
s_2787[erm],tdcoa[erm]
s_2788[erm],3ohdcoa[erm]
s_2789[erm],pmtcoa[erm]
s_2790[erm],3ohodcoa[erm]
s_2791[erm],stcoa[erm]
s_2792[erm],CE2251[erm]
s_2793[erm],arachcoa[erm]
s_2794[erm],CE2250[erm]
s_2795[erm],docoscoa[erm]
s_2796[erm],CE2253[erm]
s_2797[erm],ttccoa[erm]
s_2798[erm],3ohxccoa[erm]
s_2799[erm],nadph[erm]
s_2800[erm],nadp[erm]
s_2801[erm],3htdcoa[erm]
s_2802[erm],3hhdcoa[erm]
s_2803[erm],CE2248[erm]
s_2804[erm],CE2247[erm]
s_2805[erm],CE2246[erm]
s_2806[erm],CE2249[erm]
s_2807[erm],s3hydhexcoa[erm]
s_2808[erm],h2o[erm]
s_2809[erm],td2coa[erm]
s_2810[erm],hdd2coa[erm]
s_2811[erm],od2coa[erm]
s_2812[erm],traico2enocoa[erm]
s_2813[erm],tradoc2enocoa[erm]
s_2814[erm],CE2245[erm]
s_2815[erm],hxc2coa[erm]
s_2816[erm],hexccoa[erm]
s_2817[erm],o2[erm]
s_2818[erm],nadh[erm]
s_2819[erm],hdcoa[erm]
s_2820[erm],nad[erm]
s_2821[erm],ocdce9coa[erm]
s_2822[e],but[e]
s_2824[e],hxa[e]
s_2826[e],ocdcea[e]
s_2828[c],but[c]
s_2829[c],hxa[c]
s_2831[erm],atp[erm]
s_2832[erm],ddca[erm]
s_2833[erm],amp[erm]
s_2834[erm],ppi[erm]
s_2835[erm],ttdca[erm]
s_2836[erm],hdca[erm]
s_2837[erm],hdcea[erm]
s_2838[erm],ocdca[erm]
s_2839[erm],ocdcea[erm]
s_2840[lp],atp[lp]
s_2841[lp],ddca[lp]
s_2842[lp],amp[lp]
s_2843[lp],ddcacoa[lp]
s_2844[lp],ttdca[lp]
s_2845[lp],tdcoa[lp]
s_2846[lp],hdca[lp]
s_2847[lp],pmtcoa[lp]
s_2848[lp],hdcea[lp]
s_2849[lp],hdcoa[lp]
s_2850[lp],ocdca[lp]
s_2851[lp],stcoa[lp]
s_2852[lp],ocdcea[lp]
s_2853[lp],ocdce9coa[lp]
s_2854[x],hdcoa[x]
s_2855[x],ocdcea[x]
s_2856[ce],atp[ce]
s_2857[ce],coa[ce]
s_2858[ce],arach[ce]
s_2859[ce],amp[ce]
s_2860[ce],ppi[ce]
s_2861[ce],arachcoa[ce]
s_2862[ce],docosac[ce]
s_2863[ce],docoscoa[ce]
s_2864[ce],lgnc[ce]
s_2865[ce],ttccoa[ce]
s_2866[ce],hexc[ce]
s_2867[ce],hexccoa[ce]
s_2868[erm],docosac[erm]
s_2869[erm],lgnc[erm]
s_2870[erm],hexc[erm]
s_2871[lp],docosac[lp]
s_2872[lp],docoscoa[lp]
s_2873[lp],lgnc[lp]
s_2874[lp],ttccoa[lp]
s_2875[lp],hexc[lp]
s_2876[lp],hexccoa[lp]
s_2877[c],hdcoa[c]
s_2878[c],arachcoa[c]
s_2879[x],arachcoa[x]
s_2880[c],docoscoa[c]
s_2881[x],docoscoa[x]
s_2882[x],but[x]
s_2883[x],hxa[x]
s_2884[x],btcoa[x]
s_2885[x],hxcoa[x]
s_2886[x],b2coa[x]
s_2887[x],hx2coa[x]
s_2888[x],oc2coa[x]
s_2889[x],traico2enocoa[x]
s_2890[x],tradoc2enocoa[x]
s_2891[x],CE2245[x]
s_2892[x],tra2cis9hexcoa[x]
s_2893[x],cistet7enocoa[x]
s_2894[x],tra2cis7tetcoa[x]
s_2895[x],cisdod5enocoa[x]
s_2896[x],tra2cis5dodcoa[x]
s_2897[x],lnlccoa[x]
s_2898[x],cishex7enocoa[x]
s_2899[x],tra2cis7hexcoa[x]
s_2900[x],cistet5enocoa[x]
s_2901[x],tra2cis5tetcoa[x]
s_2902[x],r3hydbutcoa[x]
s_2903[x],R_3hhcoa[x]
s_2904[x],R_3hocoa[x]
s_2905[x],r3hydicocoa[x]
s_2906[x],r3hyddoccoa[x]
s_2907[x],r3hydtetcoa[x]
s_2908[x],r3hycihe9enco[x]
s_2909[x],r3hycite7enco[x]
s_2910[x],r3hycido5enco[x]
s_2911[x],r3hycioc9enco[x]
s_2912[x],r3hycihe7enco[x]
s_2913[x],r3hycite5enco[x]
s_2914[x],aacoa[x]
s_2915[x],3ohcoa[x]
s_2916[x],3oocoa[x]
s_2917[x],CE2251[x]
s_2918[x],CE2250[x]
s_2919[x],CE2253[x]
s_2920[x],3oxocishex9enocoa[x]
s_2921[x],3oxocistet7enocoa[x]
s_2922[x],3oxocisdod5enocoa[x]
s_2923[x],3oxocisoct9enocoa[x]
s_2924[x],3oxocishex7enocoa[x]
s_2925[x],3oxocistet5enocoa[x]
s_2926[x],cisdec3enocoa[x]
s_2927[x],cisdod3enocoa[x]
s_2928[x],tra3cis5dodcoa[x]
s_2929[x],dd3coa[x]
s_2930[x],tra3cis5tetcoa[x]
s_2931[x],tratet3enocoa[x]
s_2932[x],tra2tra4dodcoa[x]
s_2933[x],tra2tra4tetcoa[x]
s_2934[erm],glyc3p[erm]
s_2935[erm],1hdecg3p[erm]
s_2936[erm],1acsngl3ph161[erm]
s_2937[erm],1odecg3p[erm]
s_2938[erm],1acsngl3ph181[erm]
s_2939[erm],dhap[erm]
s_2940[erm],acypho160[erm]
s_2941[erm],acypho161[erm]
s_2942[erm],acypho180[erm]
s_2943[erm],acypho181[erm]
s_2944[lp],1hdecg3p[lp]
s_2945[lp],1acsngl3ph161[lp]
s_2946[lp],1odecg3p[lp]
s_2947[lp],1acsngl3ph181[lp]
s_2948[lp],acypho160[lp]
s_2949[lp],acypho161[lp]
s_2950[lp],acypho180[lp]
s_2951[lp],acypho181[lp]
s_2952[lp],nadph[lp]
s_2953[lp],nadp[lp]
s_2954[erm],pho11602161[erm]
s_2955[erm],pho11602181[erm]
s_2956[erm],pa161[erm]
s_2957[erm],pho11612181[erm]
s_2958[erm],pho11802161[erm]
s_2959[erm],pho11802181[erm]
s_2960[erm],pho11812161[erm]
s_2961[erm],pho11812181[erm]
s_2962[lp],pho11602181[lp]
s_2963[lp],pho11612181[lp]
s_2964[lp],pho11802181[lp]
s_2965[lp],pho11812181[lp]
s_2966[erm],pi[erm]
s_2967[erm],dig11602161[erm]
s_2968[erm],dig11602181[erm]
s_2969[erm],12dgr161[erm]
s_2970[erm],dig11612181[erm]
s_2971[erm],dig11802161[erm]
s_2972[erm],dig11802181[erm]
s_2973[erm],dig11812161[erm]
s_2974[erm],12dgr181[erm]
s_2975[vm],pho11602161[vm]
s_2976[vm],h2o[vm]
s_2977[vm],pi[vm]
s_2978[vm],dig11602161[vm]
s_2979[vm],pho11602181[vm]
s_2980[vm],dig11602181[vm]
s_2981[vm],pa161[vm]
s_2982[vm],12dgr161[vm]
s_2983[vm],pho11612181[vm]
s_2984[vm],dig11612181[vm]
s_2985[vm],pho11802161[vm]
s_2986[vm],dig11802161[vm]
s_2987[vm],pho11802181[vm]
s_2988[vm],dig11802181[vm]
s_2989[vm],pho11812161[vm]
s_2990[vm],dig11812161[vm]
s_2991[vm],pho11812181[vm]
s_2992[vm],12dgr181[vm]
s_2993[gm],pho11602161[gm]
s_2994[gm],h2o[gm]
s_2995[gm],pi[gm]
s_2996[gm],dig11602161[gm]
s_2997[gm],pho11602181[gm]
s_2998[gm],dig11602181[gm]
s_2999[gm],pa161[gm]
s_3000[gm],12dgr161[gm]
s_3001[gm],pho11612181[gm]
s_3002[gm],dig11612181[gm]
s_3003[gm],pho11802161[gm]
s_3004[gm],dig11802161[gm]
s_3005[gm],pho11802181[gm]
s_3006[gm],dig11802181[gm]
s_3007[gm],pho11812161[gm]
s_3008[gm],dig11812161[gm]
s_3009[gm],pho11812181[gm]
s_3010[gm],12dgr181[gm]
s_3011[erm],tr116021613160[erm]
s_3012[erm],tr116021813160[erm]
s_3013[erm],tag1619Z1619Z160[erm]
s_3014[erm],tr116121813160[erm]
s_3015[erm],tr118021613160[erm]
s_3016[erm],tr118021813160[erm]
s_3017[erm],tr118121613160[erm]
s_3018[erm],tr118121813160[erm]
s_3019[erm],tr116021613161[erm]
s_3020[erm],tr116021813161[erm]
s_3021[erm],tag1619Z1619Z1619Z[erm]
s_3022[erm],tr116121813161[erm]
s_3023[erm],tr118021613161[erm]
s_3024[erm],tr118021813161[erm]
s_3025[erm],tag1819Z1619Z1619Z[erm]
s_3026[erm],tr118121813161[erm]
s_3027[erm],tr116021613180[erm]
s_3028[erm],tr116021813180[erm]
s_3029[erm],tr116121613180[erm]
s_3030[erm],tr116121813180[erm]
s_3031[erm],tr118021613180[erm]
s_3032[erm],tr118021813180[erm]
s_3033[erm],tr118121613180[erm]
s_3034[erm],tr118121813180[erm]
s_3035[erm],tr116021613181[erm]
s_3036[erm],tr116021813181[erm]
s_3037[erm],tag1619Z1619Z1819Z[erm]
s_3038[erm],tr116121813181[erm]
s_3039[erm],tr118021613181[erm]
s_3040[erm],tr118021813181[erm]
s_3041[erm],tag1819Z1619Z1819Z[erm]
s_3042[erm],tr118121813181[erm]
s_3043[lp],dig11602161[lp]
s_3044[lp],tr116021613160[lp]
s_3045[lp],dig11602181[lp]
s_3046[lp],tr116021813160[lp]
s_3047[lp],12dgr161[lp]
s_3048[lp],tag1619Z1619Z160[lp]
s_3049[lp],dig11612181[lp]
s_3050[lp],tr116121813160[lp]
s_3051[lp],dig11802161[lp]
s_3052[lp],tr118021613160[lp]
s_3053[lp],dig11802181[lp]
s_3054[lp],tr118021813160[lp]
s_3055[lp],dig11812161[lp]
s_3056[lp],tr118121613160[lp]
s_3057[lp],12dgr181[lp]
s_3058[lp],tr118121813160[lp]
s_3059[lp],tr116021613161[lp]
s_3060[lp],tr116021813161[lp]
s_3061[lp],tag1619Z1619Z1619Z[lp]
s_3062[lp],tr116121813161[lp]
s_3063[lp],tr118021613161[lp]
s_3064[lp],tr118021813161[lp]
s_3065[lp],tag1819Z1619Z1619Z[lp]
s_3066[lp],tr118121813161[lp]
s_3067[lp],tr116021613180[lp]
s_3068[lp],tr116021813180[lp]
s_3069[lp],tr116121613180[lp]
s_3070[lp],tr116121813180[lp]
s_3071[lp],tr118021613180[lp]
s_3072[lp],tr118021813180[lp]
s_3073[lp],tr118121613180[lp]
s_3074[lp],tr118121813180[lp]
s_3075[lp],tr116021613181[lp]
s_3076[lp],tr116021813181[lp]
s_3077[lp],tag1619Z1619Z1819Z[lp]
s_3078[lp],tr116121813181[lp]
s_3079[lp],tr118021613181[lp]
s_3080[lp],tr118021813181[lp]
s_3081[lp],tag1819Z1619Z1819Z[lp]
s_3082[lp],tr118121813181[lp]
s_3083[erm],ctp[erm]
s_3084[erm],cddi11602161[erm]
s_3085[erm],cddi11612161[erm]
s_3086[erm],cddi11802161[erm]
s_3087[erm],cddi11812161[erm]
s_3088[erm],cddi11602181[erm]
s_3089[erm],cddi11612181[erm]
s_3090[erm],cddi11802181[erm]
s_3091[erm],cddi11812181[erm]
s_3092[mm],pho11602161[mm]
s_3093[mm],ctp[mm]
s_3094[mm],h[mm]
s_3095[mm],ppi[mm]
s_3096[mm],cddi11602161[mm]
s_3097[mm],pa161[mm]
s_3098[mm],cddi11612161[mm]
s_3099[mm],pho11802161[mm]
s_3100[mm],cddi11802161[mm]
s_3101[mm],pho11812161[mm]
s_3102[mm],cddi11812161[mm]
s_3103[mm],pho11602181[mm]
s_3104[mm],cddi11602181[mm]
s_3105[mm],pho11612181[mm]
s_3106[mm],cddi11612181[mm]
s_3107[erm],ser__L[erm]
s_3108[erm],cmp[erm]
s_3109[erm],phlse11602161[erm]
s_3110[erm],phlse11612161[erm]
s_3111[erm],phlse11802161[erm]
s_3112[erm],phlse11812161[erm]
s_3113[erm],phlse11602181[erm]
s_3114[erm],phlse11612181[erm]
s_3115[erm],phlse11802181[erm]
s_3116[erm],phlse11812181[erm]
s_3117[erm],inost[erm]
s_3118[erm],1ph1dmyin11602161[erm]
s_3119[erm],pail161[erm]
s_3120[erm],1ph1dmyin11802161[erm]
s_3121[erm],1ph1dmyin11812161[erm]
s_3122[erm],1ph1dmyin11602181[erm]
s_3123[erm],1ph1dmyin11612181[erm]
s_3124[erm],1ph1dmyin11802181[erm]
s_3125[erm],1ph1dmyin11812181[erm]
s_3126[erm],sn2acy1lys161[erm]
s_3127[erm],sn2acy1lys181[erm]
s_3128[mm],phlse11602161[mm]
s_3129[mm],co2[mm]
s_3130[mm],phosp11602161[mm]
s_3131[mm],phlse11612161[mm]
s_3132[mm],pe161[mm]
s_3133[mm],phlse11802161[mm]
s_3134[mm],phosp11802161[mm]
s_3135[mm],phlse11812161[mm]
s_3136[mm],phosp11812161[mm]
s_3137[mm],phlse11602181[mm]
s_3138[mm],phosp11602181[mm]
s_3139[mm],phlse11612181[mm]
s_3140[mm],phosp11612181[mm]
s_3141[mm],phlse11802181[mm]
s_3142[mm],phosp11802181[mm]
s_3143[mm],phlse11812181[mm]
s_3144[mm],phosp11812181[mm]
s_3145[gm],phlse11602161[gm]
s_3146[gm],h[gm]
s_3147[gm],co2[gm]
s_3148[gm],phosp11602161[gm]
s_3149[gm],phlse11612161[gm]
s_3150[gm],pe161[gm]
s_3151[gm],phlse11802161[gm]
s_3152[gm],phosp11802161[gm]
s_3153[gm],phlse11812161[gm]
s_3154[gm],phosp11812161[gm]
s_3155[gm],phlse11602181[gm]
s_3156[gm],phosp11602181[gm]
s_3157[gm],phlse11612181[gm]
s_3158[gm],phosp11612181[gm]
s_3159[gm],phlse11802181[gm]
s_3160[gm],phosp11802181[gm]
s_3161[gm],phlse11812181[gm]
s_3162[gm],phosp11812181[gm]
s_3163[vm],phlse11602161[vm]
s_3164[vm],h[vm]
s_3165[vm],co2[vm]
s_3166[vm],phosp11602161[vm]
s_3167[vm],phlse11612161[vm]
s_3168[vm],pe161[vm]
s_3169[vm],phlse11802161[vm]
s_3170[vm],phosp11802161[vm]
s_3171[vm],phlse11812161[vm]
s_3172[vm],phosp11812161[vm]
s_3173[vm],phlse11602181[vm]
s_3174[vm],phosp11602181[vm]
s_3175[vm],phlse11612181[vm]
s_3176[vm],phosp11612181[vm]
s_3177[vm],phlse11802181[vm]
s_3178[vm],phosp11802181[vm]
s_3179[vm],phlse11812181[vm]
s_3180[vm],phosp11812181[vm]
s_3181[erm],phosp11602161[erm]
s_3182[erm],amet[erm]
s_3183[erm],ahcys[erm]
s_3184[erm],phnme11602161[erm]
s_3185[erm],pe161[erm]
s_3186[erm],phnme11612161[erm]
s_3187[erm],phosp11802161[erm]
s_3188[erm],phnme11802161[erm]
s_3189[erm],phosp11812161[erm]
s_3190[erm],phnme11812161[erm]
s_3191[erm],phosp11602181[erm]
s_3192[erm],phnme11602181[erm]
s_3193[erm],phosp11612181[erm]
s_3194[erm],phnme11612181[erm]
s_3195[erm],phosp11802181[erm]
s_3196[erm],phnme11802181[erm]
s_3197[erm],phosp11812181[erm]
s_3198[erm],phnme11812181[erm]
s_3199[erm],phnndi11602161[erm]
s_3200[erm],phnndi11612161[erm]
s_3201[erm],phnndi11802161[erm]
s_3202[erm],phnndi11812161[erm]
s_3203[erm],phnndi11602181[erm]
s_3204[erm],phnndi11612181[erm]
s_3205[erm],phnndi11802181[erm]
s_3206[erm],phnndi11812181[erm]
s_3207[erm],phos11602161[erm]
s_3208[erm],pc161[erm]
s_3209[erm],phos11802161[erm]
s_3210[erm],phos11812161[erm]
s_3211[erm],phos11602181[erm]
s_3212[erm],phos11612181[erm]
s_3213[erm],phos11802181[erm]
s_3214[erm],phos11812181[erm]
s_3215[erm],cdp[erm]
s_3216[erm],cdpea[erm]
s_3217[erm],cdpchol[erm]
s_3218[mm],glyc3p[mm]
s_3219[mm],cmp[mm]
s_3220[mm],33snphsngl1ph11602161[mm]
s_3221[mm],33snphsngl1ph11612161[mm]
s_3222[mm],33snphsngl1ph11802161[mm]
s_3223[mm],33snphsngl1ph11812161[mm]
s_3224[mm],33snphsngl1ph11602181[mm]
s_3225[mm],33snphsngl1ph11612181[mm]
s_3226[mm],h2o[mm]
s_3227[mm],phosph11602161[mm]
s_3228[mm],pi[mm]
s_3229[mm],pho11612161[mm]
s_3230[mm],phosph11802161[mm]
s_3231[mm],phosph11812161[mm]
s_3232[mm],phosph11602181[mm]
s_3233[mm],phosph11612181[mm]
s_3234[mm],ca1160216131604161[mm]
s_3235[mm],ca1160216131614161[mm]
s_3236[mm],ca1160216131804161[mm]
s_3237[mm],ca1160216131814161[mm]
s_3238[mm],ca1160216131604181[mm]
s_3239[mm],ca1160216131614181[mm]
s_3240[mm],ca1161216131604161[mm]
s_3241[mm],clpn161[mm]
s_3242[mm],ca1161216131804161[mm]
s_3243[mm],ca1161216131814161[mm]
s_3244[mm],ca1161216131604181[mm]
s_3245[mm],ca1161216131614181[mm]
s_3246[mm],ca1180216131604161[mm]
s_3247[mm],ca1180216131614161[mm]
s_3248[mm],ca1180216131804161[mm]
s_3249[mm],ca1180216131814161[mm]
s_3250[mm],ca1180216131604181[mm]
s_3251[mm],ca1180216131614181[mm]
s_3252[mm],ca1181216131604161[mm]
s_3253[mm],ca1181216131614161[mm]
s_3254[mm],ca1181216131804161[mm]
s_3255[mm],ca1181216131814161[mm]
s_3256[mm],ca1181216131604181[mm]
s_3257[mm],ca1181216131614181[mm]
s_3258[mm],ca1160218131604161[mm]
s_3259[mm],ca1160218131614161[mm]
s_3260[mm],ca1160218131804161[mm]
s_3261[mm],ca1160218131814161[mm]
s_3262[mm],ca1160218131604181[mm]
s_3263[mm],ca1160218131614181[mm]
s_3264[mm],ca1161218131604161[mm]
s_3265[mm],ca1161218131614161[mm]
s_3266[mm],ca1161218131804161[mm]
s_3267[mm],ca1161218131814161[mm]
s_3268[mm],ca1161218131604181[mm]
s_3269[mm],ca1161218131614181[mm]
s_3270[mm],mo216131604161[mm]
s_3271[mm],hdca[mm]
s_3272[mm],mo216131614161[mm]
s_3273[mm],mo216131804161[mm]
s_3274[mm],mo216131814161[mm]
s_3275[mm],mo216131604181[mm]
s_3276[mm],mo216131614181[mm]
s_3277[mm],ocdca[mm]
s_3278[mm],mo218131604161[mm]
s_3279[mm],mo218131614161[mm]
s_3280[mm],mo218131804161[mm]
s_3281[mm],mo218131814161[mm]
s_3282[mm],mo218131604181[mm]
s_3283[mm],mo218131614181[mm]
s_3284[mm],mo116021614161[mm]
s_3285[mm],mo116021614181[mm]
s_3286[mm],mo116121614161[mm]
s_3287[mm],mo116121614181[mm]
s_3288[mm],mo118021614161[mm]
s_3289[mm],mo118021614181[mm]
s_3290[mm],mo118121614161[mm]
s_3291[mm],mo118121614181[mm]
s_3292[mm],mo116021814161[mm]
s_3293[mm],mo116021814181[mm]
s_3294[mm],mo116121814161[mm]
s_3295[mm],mo116121814181[mm]
s_3296[mm],phos11602161[mm]
s_3297[mm],1agpc160[mm]
s_3298[mm],pc161[mm]
s_3299[mm],1agpc161[mm]
s_3300[mm],phos11802161[mm]
s_3301[mm],1agpc180[mm]
s_3302[mm],phos11812161[mm]
s_3303[mm],1agpc181[mm]
s_3304[mm],phos11602181[mm]
s_3305[mm],phos11612181[mm]
s_3306[mm],phos11802181[mm]
s_3307[mm],phos11812181[mm]
s_3308[mm],ca1181218131604161[mm]
s_3309[mm],ca1181218131614161[mm]
s_3310[mm],ca1181218131804161[mm]
s_3311[mm],ca1181218131814161[mm]
s_3312[mm],ca1181218131604181[mm]
s_3313[mm],ca1181218131614181[mm]
s_3314[mm],ca1160216131814181[mm]
s_3315[mm],ca1161216131814181[mm]
s_3316[mm],ca1180216131814181[mm]
s_3317[mm],ca1181216131814181[mm]
s_3318[mm],ca1160218131814181[mm]
s_3319[mm],ca1161218131814181[mm]
s_3320[mm],hdcoa[mm]
s_3321[mm],coa[mm]
s_3322[mm],ocdce9coa[mm]
s_3323[ce],1ph1dmyin11602161[ce]
s_3324[ce],adp[ce]
s_3325[ce],1ph1dmyin4ph11602161[ce]
s_3326[ce],pail161[ce]
s_3327[ce],pail4p161[ce]
s_3328[ce],1ph1dmyin11802161[ce]
s_3329[ce],1ph1dmyin4ph11802161[ce]
s_3330[ce],1ph1dmyin11812161[ce]
s_3331[ce],1ph1dmyin4ph11812161[ce]
s_3332[ce],1ph1dmyin11602181[ce]
s_3333[ce],1ph1dmyin4ph11602181[ce]
s_3334[ce],1ph1dmyin11612181[ce]
s_3335[ce],1ph1dmyin4ph11612181[ce]
s_3336[ce],1ph1dmyin11802181[ce]
s_3337[ce],1ph1dmyin4ph11802181[ce]
s_3338[ce],1ph1dmyin11812181[ce]
s_3339[ce],1ph1dmyin4ph11812181[ce]
s_3340[vm],1ph1dmyin11602161[vm]
s_3341[vm],atp[vm]
s_3342[vm],adp[vm]
s_3343[vm],1ph1dmyin4ph11602161[vm]
s_3344[vm],pail161[vm]
s_3345[vm],pail4p161[vm]
s_3346[vm],1ph1dmyin11802161[vm]
s_3347[vm],1ph1dmyin4ph11802161[vm]
s_3348[vm],1ph1dmyin11812161[vm]
s_3349[vm],1ph1dmyin4ph11812161[vm]
s_3350[vm],1ph1dmyin11602181[vm]
s_3351[vm],1ph1dmyin4ph11602181[vm]
s_3352[vm],1ph1dmyin11612181[vm]
s_3353[vm],1ph1dmyin4ph11612181[vm]
s_3354[vm],1ph1dmyin11802181[vm]
s_3355[vm],1ph1dmyin4ph11802181[vm]
s_3356[vm],1ph1dmyin11812181[vm]
s_3357[vm],1ph1dmyin4ph11812181[vm]
s_3358[gm],1ph1dmyin11602161[gm]
s_3359[gm],atp[gm]
s_3360[gm],adp[gm]
s_3361[gm],1ph1dmyin4ph11602161[gm]
s_3362[gm],pail161[gm]
s_3363[gm],pail4p161[gm]
s_3364[gm],1ph1dmyin11802161[gm]
s_3365[gm],1ph1dmyin4ph11802161[gm]
s_3366[gm],1ph1dmyin11812161[gm]
s_3367[gm],1ph1dmyin4ph11812161[gm]
s_3368[gm],1ph1dmyin11602181[gm]
s_3369[gm],1ph1dmyin4ph11602181[gm]
s_3370[gm],1ph1dmyin11612181[gm]
s_3371[gm],1ph1dmyin4ph11612181[gm]
s_3372[gm],1ph1dmyin11802181[gm]
s_3373[gm],1ph1dmyin4ph11802181[gm]
s_3374[gm],1ph1dmyin11812181[gm]
s_3375[gm],1ph1dmyin4ph11812181[gm]
s_3376[n],1ph1dmyin11602161[n]
s_3377[n],1ph1dmyin4ph11602161[n]
s_3378[n],pail161[n]
s_3379[n],pail4p161[n]
s_3380[n],1ph1dmyin11802161[n]
s_3381[n],1ph1dmyin4ph11802161[n]
s_3382[n],1ph1dmyin11812161[n]
s_3383[n],1ph1dmyin4ph11812161[n]
s_3384[n],1ph1dmyin11602181[n]
s_3385[n],1ph1dmyin4ph11602181[n]
s_3386[n],1ph1dmyin11612181[n]
s_3387[n],1ph1dmyin4ph11612181[n]
s_3388[n],1ph1dmyin11802181[n]
s_3389[n],1ph1dmyin4ph11802181[n]
s_3390[n],1ph1dmyin11812181[n]
s_3391[n],1ph1dmyin4ph11812181[n]
s_3392[vm],1ph1dmyin3ph11602161[vm]
s_3393[vm],pail3p161[vm]
s_3394[vm],1ph1dmyin3ph11802161[vm]
s_3395[vm],1ph1dmyin3ph11812161[vm]
s_3396[vm],1ph1dmyin3ph11602181[vm]
s_3397[vm],1ph1dmyin3ph11612181[vm]
s_3398[vm],1ph1dmyin3ph11802181[vm]
s_3399[vm],1ph1dmyin3ph11812181[vm]
s_3400[n],1ph1dmyin45bi11602161[n]
s_3401[n],1ph1dmyin45bi11612161[n]
s_3402[n],1ph1dmyin45bi11802161[n]
s_3403[n],1ph1dmyin45bi11812161[n]
s_3404[n],1ph1dmyin45bi11602181[n]
s_3405[n],1ph1dmyin45bi11612181[n]
s_3406[n],1ph1dmyin45bi11802181[n]
s_3407[n],1ph1dmyin45bi11812181[n]
s_3408[ce],1ph1dmyin45bi11602161[ce]
s_3409[ce],1ph1dmyin45bi11612161[ce]
s_3410[ce],1ph1dmyin45bi11802161[ce]
s_3411[ce],1ph1dmyin45bi11812161[ce]
s_3412[ce],1ph1dmyin45bi11602181[ce]
s_3413[ce],1ph1dmyin45bi11612181[ce]
s_3414[ce],1ph1dmyin45bi11802181[ce]
s_3415[ce],1ph1dmyin45bi11812181[ce]
s_3416[vm],1ph1dmyin35bi11602161[vm]
s_3417[vm],1ph1dmyin35bi11612161[vm]
s_3418[vm],1ph1dmyin35bi11802161[vm]
s_3419[vm],1ph1dmyin35bi11812161[vm]
s_3420[vm],1ph1dmyin35bi11602181[vm]
s_3421[vm],1ph1dmyin35bi11612181[vm]
s_3422[vm],1ph1dmyin35bi11802181[vm]
s_3423[vm],1ph1dmyin35bi11812181[vm]
s_3424[erm],1agpe160[erm]
s_3425[erm],1agpe161[erm]
s_3426[erm],1agpe180[erm]
s_3427[erm],1agpe181[erm]
s_3428[erm],1agpc160[erm]
s_3429[erm],1agpc161[erm]
s_3430[erm],1agpc180[erm]
s_3431[erm],1agpc181[erm]
s_3432[erm],epist[erm]
s_3433[erm],epiole[erm]
s_3434[erm],epipal[erm]
s_3435[erm],fecost[erm]
s_3436[erm],fecole[erm]
s_3437[erm],fecpal[erm]
s_3438[erm],lanost[erm]
s_3439[erm],lanole[erm]
s_3440[erm],lanpal[erm]
s_3441[erm],ergst[erm]
s_3442[erm],ergole[erm]
s_3443[erm],ergpal[erm]
s_3444[erm],zymst[erm]
s_3445[erm],zymole[erm]
s_3446[erm],zympal[erm]
s_3447[erm],g3pc[erm]
s_3448[ce],phos11602161[ce]
s_3449[ce],h2o[ce]
s_3450[ce],1agpc160[ce]
s_3451[ce],hdcea[ce]
s_3452[ce],pc161[ce]
s_3453[ce],1agpc161[ce]
s_3454[ce],phos11802161[ce]
s_3455[ce],1agpc180[ce]
s_3456[ce],phos11812161[ce]
s_3457[ce],1agpc181[ce]
s_3458[ce],phos11602181[ce]
s_3459[ce],ocdcea[ce]
s_3460[ce],phos11612181[ce]
s_3461[ce],phos11802181[ce]
s_3462[ce],phos11812181[ce]
s_3463[ce],hdca[ce]
s_3464[ce],ocdca[ce]
s_3465[ce],phosp11602161[ce]
s_3466[ce],1agpe160[ce]
s_3467[ce],pe161[ce]
s_3468[ce],1agpe161[ce]
s_3469[ce],phosp11802161[ce]
s_3470[ce],1agpe180[ce]
s_3471[ce],phosp11812161[ce]
s_3472[ce],1agpe181[ce]
s_3473[ce],phosp11602181[ce]
s_3474[ce],phosp11612181[ce]
s_3475[ce],phosp11802181[ce]
s_3476[ce],phosp11812181[ce]
s_3477[ce],g3pe[ce]
s_3478[ce],phlse11602161[ce]
s_3479[ce],1acy160[ce]
s_3480[ce],phlse11612161[ce]
s_3481[ce],1acyl161[ce]
s_3482[ce],phlse11802161[ce]
s_3483[ce],1acy180[ce]
s_3484[ce],phlse11812161[ce]
s_3485[ce],1acyl181[ce]
s_3486[ce],phlse11602181[ce]
s_3487[ce],phlse11612181[ce]
s_3488[ce],phlse11802181[ce]
s_3489[ce],phlse11812181[ce]
s_3490[ce],g3ps[ce]
s_3491[ce],pailpalm_hs[ce]
s_3492[ce],1acy161[ce]
s_3493[ce],pailste_hs[ce]
s_3494[ce],1acy181[ce]
s_3495[ce],g3pi[ce]
s_3496[c],1ph1dmyin45bi11602161[c]
s_3497[c],dig11602161[c]
s_3498[c],mi145p[c]
s_3499[c],1ph1dmyin45bi11612161[c]
s_3500[c],12dgr161[c]
s_3501[c],1ph1dmyin45bi11802161[c]
s_3502[c],dig11802161[c]
s_3503[c],1ph1dmyin45bi11812161[c]
s_3504[c],dig11812161[c]
s_3505[c],1ph1dmyin45bi11602181[c]
s_3506[c],dig11602181[c]
s_3507[c],1ph1dmyin45bi11612181[c]
s_3508[c],dig11612181[c]
s_3509[c],1ph1dmyin45bi11802181[c]
s_3510[c],dig11802181[c]
s_3511[c],1ph1dmyin45bi11812181[c]
s_3512[c],12dgr181[c]
s_3513[n],dig11602161[n]
s_3514[n],12dgr161[n]
s_3515[n],dig11802161[n]
s_3516[n],dig11812161[n]
s_3517[n],dig11602181[n]
s_3518[n],dig11612181[n]
s_3519[n],dig11802181[n]
s_3520[n],12dgr181[n]
s_3521[mm],dig11602161[mm]
s_3522[mm],12dgr161[mm]
s_3523[mm],dig11802161[mm]
s_3524[mm],dig11812161[mm]
s_3525[mm],dig11602181[mm]
s_3526[mm],dig11612181[mm]
s_3527[ce],pho11602161[ce]
s_3528[ce],pa161[ce]
s_3529[ce],pho11802161[ce]
s_3530[ce],pho11812161[ce]
s_3531[ce],pho11602181[ce]
s_3532[ce],pho11612181[ce]
s_3533[ce],pho11802181[ce]
s_3534[ce],pho11812181[ce]
s_3535[ce],1ph1dmyin3ph11602161[ce]
s_3536[ce],pi[ce]
s_3537[ce],pail3p161[ce]
s_3538[ce],1ph1dmyin3ph11802161[ce]
s_3539[ce],1ph1dmyin3ph11812161[ce]
s_3540[ce],1ph1dmyin3ph11602181[ce]
s_3541[ce],1ph1dmyin3ph11612181[ce]
s_3542[ce],1ph1dmyin3ph11802181[ce]
s_3543[ce],1ph1dmyin3ph11812181[ce]
s_3544[c],1ph1dmyin3ph11602161[c]
s_3545[c],1ph1dmyin11602161[c]
s_3546[c],pail3p161[c]
s_3547[c],pail161[c]
s_3548[c],1ph1dmyin3ph11802161[c]
s_3549[c],1ph1dmyin11802161[c]
s_3550[c],1ph1dmyin3ph11812161[c]
s_3551[c],1ph1dmyin11812161[c]
s_3552[c],1ph1dmyin3ph11602181[c]
s_3553[c],1ph1dmyin11602181[c]
s_3554[c],1ph1dmyin3ph11612181[c]
s_3555[c],1ph1dmyin11612181[c]
s_3556[c],1ph1dmyin3ph11802181[c]
s_3557[c],1ph1dmyin11802181[c]
s_3558[c],1ph1dmyin3ph11812181[c]
s_3559[c],1ph1dmyin11812181[c]
s_3560[erm],1ph1dmyin3ph11602161[erm]
s_3561[erm],pail3p161[erm]
s_3562[erm],1ph1dmyin3ph11802161[erm]
s_3563[erm],1ph1dmyin3ph11812161[erm]
s_3564[erm],1ph1dmyin3ph11602181[erm]
s_3565[erm],1ph1dmyin3ph11612181[erm]
s_3566[erm],1ph1dmyin3ph11802181[erm]
s_3567[erm],1ph1dmyin3ph11812181[erm]
s_3568[gm],1ph1dmyin3ph11602161[gm]
s_3569[gm],pail3p161[gm]
s_3570[gm],1ph1dmyin3ph11802161[gm]
s_3571[gm],1ph1dmyin3ph11812161[gm]
s_3572[gm],1ph1dmyin3ph11602181[gm]
s_3573[gm],1ph1dmyin3ph11612181[gm]
s_3574[gm],1ph1dmyin3ph11802181[gm]
s_3575[gm],1ph1dmyin3ph11812181[gm]
s_3576[c],1ph1dmyin4ph11602161[c]
s_3577[c],pail4p161[c]
s_3578[c],1ph1dmyin4ph11802161[c]
s_3579[c],1ph1dmyin4ph11812161[c]
s_3580[c],1ph1dmyin4ph11602181[c]
s_3581[c],1ph1dmyin4ph11612181[c]
s_3582[c],1ph1dmyin4ph11802181[c]
s_3583[c],1ph1dmyin4ph11812181[c]
s_3584[erm],1ph1dmyin4ph11602161[erm]
s_3585[erm],pail4p161[erm]
s_3586[erm],1ph1dmyin4ph11802161[erm]
s_3587[erm],1ph1dmyin4ph11812161[erm]
s_3588[erm],1ph1dmyin4ph11602181[erm]
s_3589[erm],1ph1dmyin4ph11612181[erm]
s_3590[erm],1ph1dmyin4ph11802181[erm]
s_3591[erm],1ph1dmyin4ph11812181[erm]
s_3592[ce],1ph1dmyin35bi11602161[ce]
s_3593[ce],1ph1dmyin35bi11612161[ce]
s_3594[ce],1ph1dmyin35bi11802161[ce]
s_3595[ce],1ph1dmyin35bi11812161[ce]
s_3596[ce],1ph1dmyin35bi11602181[ce]
s_3597[ce],1ph1dmyin35bi11612181[ce]
s_3598[ce],1ph1dmyin35bi11802181[ce]
s_3599[ce],1ph1dmyin35bi11812181[ce]
s_3600[c],1ph1dmyin35bi11602161[c]
s_3601[c],1ph1dmyin35bi11612161[c]
s_3602[c],1ph1dmyin35bi11802161[c]
s_3603[c],1ph1dmyin35bi11812161[c]
s_3604[c],1ph1dmyin35bi11602181[c]
s_3605[c],1ph1dmyin35bi11612181[c]
s_3606[c],1ph1dmyin35bi11802181[c]
s_3607[c],1ph1dmyin35bi11812181[c]
s_3608[erm],1ph1dmyin45bi11602161[erm]
s_3609[erm],1ph1dmyin45bi11612161[erm]
s_3610[erm],1ph1dmyin45bi11802161[erm]
s_3611[erm],1ph1dmyin45bi11812161[erm]
s_3612[erm],1ph1dmyin45bi11602181[erm]
s_3613[erm],1ph1dmyin45bi11612181[erm]
s_3614[erm],1ph1dmyin45bi11802181[erm]
s_3615[erm],1ph1dmyin45bi11812181[erm]
s_3616[vm],12di3di11602161[vm]
s_3617[vm],12di3di11612161[vm]
s_3618[vm],12di3di11802161[vm]
s_3619[vm],12di3di11812161[vm]
s_3620[vm],12di3di11602181[vm]
s_3621[vm],12di3di11612181[vm]
s_3622[vm],12di3di11802181[vm]
s_3623[vm],12di3di11812181[vm]
s_3624[gm],12di3di11602161[gm]
s_3625[gm],12di3di11612161[gm]
s_3626[gm],12di3di11802161[gm]
s_3627[gm],12di3di11812161[gm]
s_3628[gm],12di3di11602181[gm]
s_3629[gm],12di3di11612181[gm]
s_3630[gm],12di3di11802181[gm]
s_3631[gm],12di3di11812181[gm]
s_3632[c],1hdecg3p[c]
s_3633[c],mag160[c]
s_3634[c],1acsngl3ph161[c]
s_3635[c],1mon161[c]
s_3636[c],1odecg3p[c]
s_3637[c],mag180[c]
s_3638[c],1acsngl3ph181[c]
s_3639[c],magole_hs[c]
s_3640[vm],1hdecg3p[vm]
s_3641[vm],mag160[vm]
s_3642[vm],1acsngl3ph161[vm]
s_3643[vm],1mon161[vm]
s_3644[vm],1odecg3p[vm]
s_3645[vm],mag180[vm]
s_3646[vm],1acsngl3ph181[vm]
s_3647[vm],magole_hs[vm]
s_3648[gm],1hdecg3p[gm]
s_3649[gm],mag160[gm]
s_3650[gm],1acsngl3ph161[gm]
s_3651[gm],1mon161[gm]
s_3652[gm],1odecg3p[gm]
s_3653[gm],mag180[gm]
s_3654[gm],1acsngl3ph181[gm]
s_3655[gm],magole_hs[gm]
s_3656[lp],ergpal[lp]
s_3657[lp],h2o[lp]
s_3658[lp],ergole[lp]
s_3659[lp],epipal[lp]
s_3660[lp],epist[lp]
s_3661[lp],epiole[lp]
s_3662[lp],fecpal[lp]
s_3663[lp],fecole[lp]
s_3664[lp],lanpal[lp]
s_3665[lp],lanost[lp]
s_3666[lp],lanole[lp]
s_3667[lp],zympal[lp]
s_3668[lp],zymole[lp]
s_3669[ce],zympal[ce]
s_3670[ce],zymole[ce]
s_3671[lp],mag160[lp]
s_3672[lp],1mon161[lp]
s_3673[lp],mag180[lp]
s_3674[lp],magole_hs[lp]
s_3675[m],dig11602181[m]
s_3676[m],mag160[m]
s_3677[m],ocdcea[m]
s_3678[m],dig11612181[m]
s_3679[m],1mon161[m]
s_3680[m],dig11802181[m]
s_3681[m],mag180[m]
s_3682[m],12dgr181[m]
s_3683[m],magole_hs[m]
s_3684[lp],glyc[lp]
s_3685[lp],1agpe160[lp]
s_3686[lp],phosp11602181[lp]
s_3687[lp],1agpe161[lp]
s_3688[lp],phosp11612181[lp]
s_3689[lp],1agpe180[lp]
s_3690[lp],phosp11802181[lp]
s_3691[lp],1agpe181[lp]
s_3692[lp],phosp11812181[lp]
s_3693[lp],phos11602161[lp]
s_3694[lp],1agpc160[lp]
s_3695[lp],pc161[lp]
s_3696[lp],1agpc161[lp]
s_3697[lp],phos11802161[lp]
s_3698[lp],1agpc180[lp]
s_3699[lp],phos11812161[lp]
s_3700[lp],1agpc181[lp]
s_3701[lp],phos11602181[lp]
s_3702[lp],phos11612181[lp]
s_3703[lp],phos11802181[lp]
s_3704[lp],phos11812181[lp]
s_3705[lp],phosp11602161[lp]
s_3706[lp],pe161[lp]
s_3707[lp],phosp11802161[lp]
s_3708[lp],phosp11812161[lp]
s_3709[erm],ergestbac[erm]
s_3710[erm],ps_cho[erm]
s_3711[erm],pchol_cho[erm]
s_3712[erm],pe_hs[erm]
s_3713[erm],tag_cho[erm]
s_3714[c],hemeA[c]
s_3715[e],raffin[e]
s_3716[e],melib[e]
s_3717[c],prote[c]
s_3718[c],carb[c]
s_3719[c],rna[c]
s_3720[c],dna2[c]
s_3721[g],cerbac[g]
s_3722[c],cerbac[c]
s_3723[c],inophophobac[c]
s_3724[c],inopcerbac[c]
s_3725[c],manphobac[c]
s_3726[r],lonchabasbac[r]
s_3727[c],lonchabasbac[c]
s_3728[r],lonchabasphobac[r]
s_3729[c],lonchabasphobac[c]
s_3730[erm],phobac[erm]
s_3731[c],phobac[c]
s_3732[erm],digbac[erm]
s_3733[c],digbac[c]
s_3734[erm],sn2acy1lysbac[erm]
s_3735[c],sn2acy1lysbac[c]
s_3736[mm],phoback[mm]
s_3737[c],phoback[c]
s_3738[mm],carbac[mm]
s_3739[c],carbac[c]
s_3740[c],c160cha[c]
s_3741[c],c161cha[c]
s_3742[c],c180cha[c]
s_3743[c],c181cha[c]
s_3744[c],c240cha[c]
s_3745[c],c260cha[c]
s_3746[c],lipbac[c]
s_3747[c],lipcha[c]
s_3748[m],cytc[m]
s_3749[m],apocytc[m]
s_3750[c],diact[c]
s_3751[n],actn__R[n]
s_3752[n],diact[n]
s_3753[n],nadh[n]
s_3754[m],glutrna_gln[m]
s_3755[m],gln__L[m]
s_3756[m],glntrna[m]
s_3757[v],met_L_ala__L[v]
s_3758[v],met__L[v]
s_3759[v],ala__L[v]
s_3760[c],adpdrib1pho[c]
s_3761[c],adprib[c]
s_3762[c],qui[c]
s_3763[c],14ben[c]
s_3764[r],uacgam[r]
s_3765[r],naglc2p[r]
s_3766[r],udp[r]
s_3767[r],nnchi[r]
s_3768[c],drib5pho[c]
s_3769[x],oxa[x]
s_3770[x],oxalcoa[x]
s_3771[r],g0017[r]
s_3772[r],glc__D[r]
s_3773[r],g0001[r]
s_3774[r],g00011[r]
s_3775[v],na1[v]
s_3776[v],k[v]
s_3777[v],cl[v]
s_3778[c],cl[c]
s_3779[v],fru[v]
s_3780[v],gal[v]
s_3781[r],ump[r]
s_3782[c],cd2[c]
s_3783[e],cd2[e]
s_3784[m],sulcarh[m]
s_3785[m],cys__L[m]
s_3786[m],sulcarsh[m]
s_3787[r],chsterol[r]
s_3788[erm],chsterol[erm]
s_3789[c],3chlalc[c]
s_3790[c],3chl[c]
s_3791[c],3hydbenalc[c]
s_3792[c],3hydben[c]
s_3793[c],3mbzalc[c]
s_3794[c],3mbzald[c]
s_3795[c],4isoalc[c]
s_3796[c],pcumald[c]
s_3797[c],4mbzalc[c]
s_3798[c],4mbzald[c]
s_3799[c],bzalc[c]
s_3800[c],bzal[c]
s_3801[c],mn2[c]
s_3802[r],mn2[r]
s_3805[c],mnl[c]
s_3806[c],4hyd4met2oxoglu[c]
s_3807[c],lmetssoxi[c]
s_3808[m],trnapro[m]
s_3809[m],protrna[m]
s_3810[c],5oxpro[c]
s_3811[m],hthbp[m]
s_3812[m],CE2705[m]
s_3813[m],o2s[m]
s_3814[c],2doxg6p[c]
s_3815[c],2dglc[c]
s_3816[c],cytcllys[c]
s_3817[c],cytcn6metllys[c]
s_3818[n],amet[n]
s_3819[n],llyshis[n]
s_3820[n],ahcys[n]
s_3821[n],n6metllyshis[n]
s_3822[c],zn2[c]
s_3823[r],zn2[r]
s_3824[r],ficytb5[r]
s_3825[r],focytb5[r]
s_3826[m],ficytb5[m]
s_3827[m],focytb5[m]
s_3828[c],sben[c]
s_3829[c],benz[c]
s_3830[r],rx[r]
s_3831[r],gthrd[r]
s_3832[r],hx[r]
s_3833[r],rsglu[r]
s_3834[c],rx[c]
s_3835[c],hx[c]
s_3836[c],rsglu[c]
s_3837[c],metsox_S__L[c]
s_3838[v],L_alagly[v]
s_3839[v],gly[v]
s_3840[v],ala_L_ile__L[v]
s_3841[c],thr3hydlasp[c]
s_3842[x],rx[x]
s_3843[x],gthrd[x]
s_3844[x],hx[x]
s_3845[x],rsglu[x]
s_3846[c],dhdascb[c]
s_3847[c],ascb__L[c]
s_3848[x],dhdascb[x]
s_3849[x],gthox[x]
s_3850[x],ascb__L[x]
s_3851[c],cya[c]
s_3852[c],alddrib5pho[c]
s_3853[c],rscys[c]
s_3854[c],ssublcys[c]
s_3855[m],fe3[m]
s_3856[c],glytrnala[c]
s_3857[c],dtyrtrntyr[c]
s_3858[c],dtyr[c]
s_3859[c],HC01104[c]
s_3860[c],4nph[c]
s_3861[c],C01507[c]
s_3862[c],a_gal__D[c]
s_3863[m],3hyd2metcoa[m]
s_3864[m],3hmp[m]
s_3865[e],ste[e]
s_3866[c],ste[c]
s_3867[c],pad[c]
s_3868[c],iad[c]
s_3869[c],monaciami[c]
s_3870[c],car[c]
s_3871[c],acryl[c]
s_3872[c],aa[c]
s_3873[c],ben[c]
s_3874[c],bz[c]
s_3875[c],glcn[c]
s_3876[c],proctersfarlcys[c]
s_3877[c],prctesfalcymees[c]
s_3878[r],pail_cho[r]
s_3879[r],g0014[r]
s_3880[c],ca2[c]
s_3881[v],atp[v]
s_3882[v],ca2[v]
s_3883[v],adp[v]
s_3884[c],prot[c]
s_3885[c],largpro[c]
s_3886[r],proasp[r]
s_3887[r],g00008[r]
s_3888[r],doldip[r]
s_3889[r],g00009[r]
s_3890[r],gdpmann[r]
s_3891[r],g106[r]
s_3892[r],gdp[r]
s_3893[r],g01[r]
s_3894[r],g00[r]
s_3895[r],g000[r]
s_3896[r],g0000[r]
s_3897[v],man6pglyc[v]
s_3898[v],man6p[v]
s_3899[v],glyc__R[v]
s_3900[v],alpdmann[v]
s_3901[v],alpdman[v]
s_3902[v],nonglysugacc[v]
s_3903[c],lthr[c]
s_3904[c],ser__D[c]
s_3905[m],acser[m]
s_3906[m],h2s[m]
s_3907[m],pa_EC[m]
s_3908[m],cdpdag_cho[m]
s_3909[c],suldon[c]
s_3910[c],adp5eth4met2car[c]
s_3911[r],dolbetdglupho[r]
s_3912[r],g10599[r]
s_3913[c],no[c]
s_3914[c],no3[c]
s_3915[c],lipoate[c]
s_3916[c],lipoamp[c]
s_3917[c],apo[c]
s_3918[c],pron6liplys[c]
s_3923[c],n4oxoglulcys[c]
s_3924[m],n4oxoglulcys[m]
s_3925[m],cgly[m]
s_3926[g],cl[g]
s_3927[c],rib5tri[c]
s_3928[c],rib5pho[c]
s_3929[c],2deo5tri[c]
s_3930[c],2deo5pho[c]
s_3931[c],o2s[c]
s_3932[r],g00012[r]
s_3933[r],man[r]
s_3934[c],eth[c]
s_3935[c],no2[c]
s_3936[e],fe3[e]
s_3937[r],acoa[r]
s_3938[r],1ag3p_SC[r]
s_3939[r],pa_EC[r]
s_3940[c],pepdiph[c]
s_3941[c],pepdip[c]
s_3942[x],8oxodgt[x]
s_3943[x],8oxodgm[x]
s_3944[m],apo[m]
s_3945[m],pron6octlys[m]
s_3946[m],lipACP[m]
s_3947[m],pron6liplys[m]
s_3948[c],f6p_B[c]
s_3949[c],glc__bD[c]
s_3950[c],g6p_B[c]
s_3951[c],Glc_aD[c]
s_3952[c],g6p_A[c]
s_3953[c],gam[c]
s_3954[c],fru_B[c]
s_3958[c],glyc__R[c]
s_3959[c],2pro[c]
s_3960[c],pro[c]
s_3961[c],glcurn[c]
s_3962[c],glcr[c]
s_3963[c],4tmeabut[c]
s_3964[c],4tmeabutn[c]
s_3965[c],mmtsa[c]
s_3966[c],mmal[c]
s_3967[c],im4act[c]
s_3968[c],im4ac[c]
s_3969[c],xol7ah2al[c]
s_3970[c],dhcholestanate[c]
s_3971[c],5hoxindact[c]
s_3972[c],5hoxindoa[c]
s_3973[c],n4abutn[c]
s_3974[c],4aabutn[c]
s_3975[c],tra3chlald[c]
s_3976[c],tra3chlaci[c]
s_3977[c],cis3chlald[c]
s_3978[c],cis3chlaci[c]
s_3979[c],chl[c]
s_3980[c],chlaci[c]
s_3981[c],pylald[c]
s_3982[c],peracd[c]
s_3983[c],2tra6trafar[c]
s_3984[c],faraci[c]
s_3985[erm],pho[erm]
s_3986[gm],pho[gm]
s_3987[erm],adp[erm]
s_3988[c],1olesngly[c]
s_3989[r],g10[r]
s_3990[r],g00006[r]
s_3991[c],carn[c]
s_3992[c],ans[c]
s_3993[r],g105[r]
s_3994[r],g1059[r]
s_3995[r],g10597[r]
s_3996[r],g00007[r]
s_3997[c],glyclt[c]
s_3998[c],sucr[c]
s_3999[c],isomal[c]
s_4000[c],starch[c]
s_4001[r],g10598[r]
s_4002[r],g00149[r]
s_4003[r],g001[r]
s_4004[m],suldon[m]
s_4005[m],dad_5[m]
s_4006[m],ssullcysdes[m]
s_4007[m],disfor[m]
s_4008[m],ssucydedifoscprco[m]
s_4009[m],cyan[m]
s_4010[m],tsul[m]
s_4011[m],so3[m]
s_4012[m],tcynt[m]
s_4013[c],mg2[c]
s_4014[m],mg2[m]
s_4015[r],udpg[r]
s_4016[r],so4[r]
s_4017[c],acgam[c]
s_4018[c],pol[c]
s_4019[c],cu2[c]
s_4020[g],cu2[g]
s_4021[c],HC00591[c]
s_4022[m],por[m]
s_4023[c],por[c]
s_4024[c],sta[c]
s_4025[g],uacgam[g]
s_4026[m],zn2[m]
s_4027[v],zn2[v]
s_4028[m],rx[m]
s_4029[m],hx[m]
s_4030[m],rsglu[m]
s_4031[v],fe3[v]
s_4032[c],pcollglys[c]
s_4033[c],pron6acellys[c]
s_4034[e],ala_L_gln__L[e]
s_4035[c],ala_L_gln__L[c]
s_4036[v],ala_L_gln__L[v]
s_4037[e],LalaLglu[e]
s_4038[c],LalaLglu[c]
s_4039[v],LalaLglu[v]
s_4040[e],ala_L_Thr__L[e]
s_4041[c],ala_L_Thr__L[c]
s_4042[v],ala_L_Thr__L[v]
s_4043[v],thr__L[v]
s_4044[c],thy3mon[c]
s_4045[e],thy3mon[e]
s_4046[c],thy5mon[c]
s_4047[e],thy5mon[e]
s_4048[c],glyc1p[c]
s_4049[e],glyc1p[e]
s_4050[e],ala_L_his__L[e]
s_4051[c],ala_L_his__L[c]
s_4052[v],ala_L_his__L[v]
s_4053[e],gly_asn__L[e]
s_4054[c],gly_asn__L[c]
s_4055[v],gly_asn__L[v]
s_4056[e],gly_gln__L[e]
s_4057[c],gly_gln__L[c]
s_4058[v],gly_gln__L[v]
s_4059[e],gly_glu__L[e]
s_4060[c],gly_glu__L[c]
s_4061[v],gly_glu__L[v]
s_4062[c],glyc2p[c]
s_4063[e],glyc2p[e]
s_4064[c],thrp[c]
s_4065[e],thrp[e]
s_4066[c],gua2mon[c]
s_4067[e],gua2mon[e]
s_4068[c],3gmp[c]
s_4069[e],3gmp[e]
s_4070[e],2pglyc[e]
s_4071[c],2pglyc[c]
s_4072[c],cysspho[c]
s_4073[c],cysam[c]
s_4074[e],cysam[e]
s_4075[e],cysspho[e]
s_4076[c],hyp[c]
s_4077[c],pser__D[c]
s_4078[e],pser__D[e]
s_4079[c],C02356[c]
s_4080[e],C02356[e]
s_4081[c],uri2pho[c]
s_4082[e],uri2pho[e]
s_4083[c],3ump[c]
s_4084[e],3ump[e]
s_4085[e],gly_met__L[e]
s_4086[c],gly_met__L[c]
s_4087[v],gly_met__L[v]
s_4088[c],npho[c]
s_4089[c],creat[c]
s_4090[e],npho[e]
s_4091[e],creat[e]
s_4092[c],argp[c]
s_4093[e],argp[e]
s_4094[c],23cgmp[c]
s_4095[e],23cgmp[e]
s_4096[c],tyrp[c]
s_4097[e],tyrp[e]
s_4098[c],pppi[c]
s_4099[e],pppi[e]
s_4100[c],cyt2pho[c]
s_4101[e],cyt2pho[e]
s_4102[c],23cump[c]
s_4103[e],23cump[e]
s_4104[c],3sala[c]
s_4105[e],3sala[e]
s_4106[c],3amp[c]
s_4107[e],3amp[e]
s_4108[c],pala[c]
s_4109[e],pala[e]
s_4110[c],CE1310[c]
s_4111[e],CE1310[e]
s_4112[c],tet[c]
s_4113[c],tsul[c]
s_4114[e],tet[e]
s_4115[c],isetac[c]
s_4116[e],isetac[e]
s_4117[c],5dglcn[c]
s_4118[e],5dglcn[e]
s_4119[e],ala_L_asp__L[e]
s_4120[c],ala_L_asp__L[c]
s_4121[v],ala_L_asp__L[v]
s_4122[c],madg[c]
s_4123[c],meoh[c]
s_4124[e],meoh[e]
s_4125[e],madg[e]
s_4126[c],23ccmp[c]
s_4127[e],23ccmp[e]
s_4128[c],tag__D[c]
s_4129[c],tag6p__D[c]
s_4130[e],tag__D[e]
s_4131[e],tur[e]
s_4132[c],acac[c]
s_4133[e],acac[e]
s_4134[c],C02712[c]
s_4135[e],C02712[e]
s_4136[c],3oxa3[c]
s_4137[e],3oxa3[e]
s_4138[c],Lcyst[c]
s_4139[e],Lcyst[e]
s_4140[e],malttr[e]
s_4141[e],2pg[e]
s_4142[e],3pg[e]
s_4143[e],met_L_ala__L[e]
s_4144[c],met_L_ala__L[c]
s_4145[e],g1p[e]
s_4146[e],cbp[e]
s_4147[e],pser__L[e]
s_4148[e],gmp[e]
s_4149[e],minohp[e]
s_4150[e],g6p[e]
s_4151[e],ump[e]
s_4152[e],pep[e]
s_4153[e],man6p[e]
s_4154[e],ethamp[e]
s_4155[e],6pgc[e]
s_4156[e],man1p[e]
s_4157[e],ppi[e]
s_4158[e],cholp[e]
s_4159[e],tsul[e]
s_4160[e],amp[e]
s_4161[e],23camp[e]
s_4162[e],amp2p[e]
s_4163[e],cmp[e]
s_4164[e],gam[e]
s_4165[e],drib[e]
s_4166[e],citr__L[e]
s_4167[e],dha[e]
s_4168[e],ala_L_ile__L[e]
s_4169[c],ala_L_ile__L[c]
s_4170[e],L_alagly[e]
s_4171[c],L_alagly[c]
s_4172[e],acglu[e]
s_4173[c],acglu[c]
s_4174[e],lpam[e]
s_4175[c],lpam[c]
s_4176[e],metsox_S__L[e]
s_4177[c],hgentis[c]
s_4178[c],4mlacac[c]
s_4179[c],4fumacac[c]
s_4180[c],xylu__L[c]
s_4181[c],abt__D[c]
s_4182[c],2hog[c]
s_4183[c],ppcoa[c]
s_4184[c],msa[c]
s_4185[c],23dhmb[c]
s_4186[c],3hmoa[c]
s_4187[c],2aceaci[c]
s_4188[c],alac__S[c]
s_4189[c],r3mmal[c]
s_4190[c],lnlccoa[c]
s_4191[c],lnlc[c]
s_4192[c],stys[c]
s_4193[c],raffin[c]
s_4194[c],4hphac[c]
s_4195[c],hqn[c]
s_4196[g],atp[g]
s_4197[g],ca2[g]
s_4198[g],adp[g]
s_4199[e],ca2[e]
s_4200[e],cl[e]
s_4201[e],cu2[e]
s_4202[e],mn2[e]
s_4203[e],zn2[e]
s_4204[e],mg2[e]
s_4205[c],cof[c]
s_4206[c],ion[c]
